"","CNAE 2.0 Classe","Ind Atividade Ano","Ind CEI Vinculado","Ind Estab Participa PAT","Ind Rais Negativa","Ind Simples","Município","Natureza Jurídica","CNAE 2.0 Subclasse","Tamanho Estabelecimento","Tipo Estab","Tipo Estab_1","UF","IBGE Subsetor","CEP Estab","Qtd_Vinc_CLT","Qtd_Vinc_Ativos","Qtd_Vinc_Estat","CO_MUNICIPIO","SGL_UF","DS_MESORREGIAO","DS_MICRORREGIAO","NOME_MUNICIPIO","LATITUDE","LONGITUDE"
"1","30920",1,0,0,0,1,353440,2062,"3092000","04","01","Cnpj",35,"06",6230030,16,16,0,3534401,"SP","Metropolitana de São Paulo","Osasco","Osasco","-23.5324","-46.7916"
"2","30423",1,0,0,0,1,350280,2062,"3042300","03","01","Cnpj",35,"06",16075260,6,6,0,3502804,"SP","Araçatuba","Araçatuba","Araçatuba","-21.2076","-50.4401"
"3","30121",1,0,0,0,1,352050,2305,"3012100","04","01","Cnpj",35,"06",13347680,15,15,0,3520509,"SP","Campinas","Campinas","Indaiatuba","-23.0816","-47.2101"
"4","30920",1,0,0,0,0,353070,2305,"3092000","05","01","Cnpj",35,"06",13849104,45,45,0,3530706,"SP","Campinas","Mogi Mirim","Mogi Guaçu","-22.3675","-46.9428"
"5","30121",1,0,0,0,1,355715,2062,"3012100","01","01","Cnpj",35,"06",15265000,0,0,0,3557154,"SP","São José do Rio Preto","São José do Rio Preto","Zacarias","-21.0506","-50.0552"
"6","30920",1,0,0,0,1,355030,2062,"3092000","05","01","Cnpj",35,"06",5847000,48,48,0,3550308,"SP","Metropolitana de São Paulo","São Paulo","São Paulo","-23.5329","-46.6395"
"7","30326",1,0,0,0,0,352400,2062,"3032600","07","01","Cnpj",35,"06",13295970,117,117,0,3524006,"SP","Macro Metropolitana Paulista","Jundiaí","Itupeva","-23.1526","-47.0593"
"8","30920",1,0,0,0,1,351060,2135,"3092000","02","01","Cnpj",35,"06",6390305,3,3,0,3510609,"SP","Metropolitana de São Paulo","Osasco","Carapicuíba","-23.5235","-46.8407"
"9","30423",1,0,0,0,1,351920,2305,"3042300","03","01","Cnpj",35,"06",17680000,7,7,0,3519204,"SP","Marília","Tupã","Iacri","-21.8572","-50.6932"
"10","30911",1,0,0,0,1,351380,2062,"3091102","04","01","Cnpj",35,"06",9980040,12,12,0,3513801,"SP","Metropolitana de São Paulo","São Paulo","Diadema","-23.6813","-46.6205"
"11","30920",1,0,0,0,1,355080,2062,"3092000","04","01","Cnpj",35,"06",13790000,11,11,0,3550803,"SP","Campinas","São João da Boa Vista","São Sebastião da Grama","-21.7041","-46.8208"
"12","30423",1,0,0,0,0,354990,2062,"3042300","05","01","Cnpj",35,"06",12238565,27,27,0,3549904,"SP","Vale do Paraíba Paulista","São José dos Campos","São José dos Campos","-23.1896","-45.8841"
"13","30415",1,0,0,0,0,354870,2054,"3041500","05","01","Cnpj",35,"06",9852075,49,49,0,3548708,"SP","Metropolitana de São Paulo","São Paulo","São Bernardo do Campo","-23.6914","-46.5646"
"14","30920",1,0,0,0,1,351880,2062,"3092000","06","01","Cnpj",35,"06",7250130,90,90,0,3518800,"SP","Metropolitana de São Paulo","Guarulhos","Guarulhos","-23.4538","-46.5333"
"15","30423",1,0,0,0,0,355030,2054,"3042300","05","01","Cnpj",35,"06",4363100,31,31,0,3550308,"SP","Metropolitana de São Paulo","São Paulo","São Paulo","-23.5329","-46.6395"
"16","30997",1,0,0,0,1,355640,2062,"3099700","05","01","Cnpj",35,"06",13880000,22,22,0,3556404,"SP","Campinas","São João da Boa Vista","Vargem Grande do Sul","-21.8322","-46.8913"
"17","30920",1,0,0,0,1,354390,2062,"3092000","02","01","Cnpj",35,"06",13500190,1,1,0,3543907,"SP","Piracicaba","Rio Claro","Rio Claro","-22.3984","-47.5546"
"18","30318",1,0,0,0,0,351907,2062,"3031800","05","01","Cnpj",35,"06",13184902,30,30,0,3519071,"SP","Campinas","Campinas","Hortolândia","-22.8529","-47.2143"
"19","30997",1,0,0,0,1,350650,2062,"3099700","04","01","Cnpj",35,"06",16201421,19,19,0,3506508,"SP","Araçatuba","Birigui","Birigui","-21.291","-50.3432"
"20","30920",1,0,0,0,0,355080,2062,"3092000","02","01","Cnpj",35,"06",13790000,2,2,0,3550803,"SP","Campinas","São João da Boa Vista","São Sebastião da Grama","-21.7041","-46.8208"
"21","30997",1,0,0,0,1,350420,2135,"3099700","02","01","Cnpj",35,"06",15350000,3,3,0,3504206,"SP","São José do Rio Preto","Auriflama","Auriflama","-20.6836","-50.5572"
"22","30997",1,0,1,0,1,353870,2062,"3099700","05","01","Cnpj",35,"06",13422170,27,27,0,3538709,"SP","Piracicaba","Piracicaba","Piracicaba","-22.7338","-47.6476"
"23","30920",1,0,0,0,1,352220,2135,"3092000","02","01","Cnpj",35,"06",6852870,2,2,0,3522208,"SP","Metropolitana de São Paulo","Itapecerica da Serra","Itapecerica da Serra","-23.7161","-46.8572"
"24","30326",1,0,0,0,0,351518,2062,"3032600","05","01","Cnpj",35,"06",13990000,29,29,0,3515186,"SP","Campinas","São João da Boa Vista","Espírito Santo do Pinhal","-22.1909","-46.7477"
"25","30920",1,0,0,0,1,355280,2135,"3092000","02","01","Cnpj",35,"06",6795030,2,2,0,3552809,"SP","Metropolitana de São Paulo","Itapecerica da Serra","Taboão da Serra","-23.6019","-46.7526"
"26","30415",1,0,0,0,1,354140,2062,"3041500","03","01","Cnpj",35,"06",19050310,5,5,0,3541406,"SP","Presidente Prudente","Presidente Prudente","Presidente Prudente","-22.1207","-51.3925"
"27","30113",1,0,0,0,0,354850,2062,"3011302","02","01","Cnpj",35,"06",11075330,2,2,0,3548500,"SP","Metropolitana de São Paulo","Santos","Santos","-23.9535","-46.335"
"28","30326",1,0,0,0,0,351907,2062,"3032600","02","01","Cnpj",35,"06",13184889,4,4,0,3519071,"SP","Campinas","Campinas","Hortolândia","-22.8529","-47.2143"
"29","30911",1,0,0,0,1,354880,2062,"3091102","02","01","Cnpj",35,"06",9581210,2,2,0,3548807,"SP","Metropolitana de São Paulo","São Paulo","São Caetano do Sul","-23.6229","-46.5548"
"30","30997",1,0,0,0,1,355030,2062,"3099700","03","01","Cnpj",35,"06",3108030,6,6,0,3550308,"SP","Metropolitana de São Paulo","São Paulo","São Paulo","-23.5329","-46.6395"
"31","30920",1,0,0,0,1,350330,2305,"3092000","04","01","Cnpj",35,"06",13602100,19,19,0,3503307,"SP","Piracicaba","Limeira","Araras","-22.3572","-47.3842"
"32","30911",1,0,0,0,1,350320,2062,"3091102","05","01","Cnpj",35,"06",14808113,31,31,0,3503208,"SP","Araraquara","Araraquara","Araraquara","-21.7845","-48.178"
"33","30997",1,0,0,0,0,355410,2062,"3099700","02","01","Cnpj",35,"06",12091590,4,4,0,3554102,"SP","Vale do Paraíba Paulista","São José dos Campos","Taubaté","-23.0104","-45.5593"
"34","30920",1,0,0,0,1,352260,2135,"3092000","05","01","Cnpj",35,"06",13973092,20,20,0,3522604,"SP","Campinas","Mogi Mirim","Itapira","-22.4357","-46.8224"
"35","30415",1,0,0,0,0,354990,2054,"3041500","03","01","Cnpj",35,"06",12247016,8,8,0,3549904,"SP","Vale do Paraíba Paulista","São José dos Campos","São José dos Campos","-23.1896","-45.8841"
"36","30504",1,0,0,0,0,355670,2305,"3050400","04","01","Cnpj",35,"04",13288172,12,12,0,3556701,"SP","Campinas","Campinas","Vinhedo","-23.0302","-46.9833"
"37","30423",1,0,0,0,0,354990,2062,"3042300","04","01","Cnpj",35,"06",12238573,13,13,0,3549904,"SP","Vale do Paraíba Paulista","São José dos Campos","São José dos Campos","-23.1896","-45.8841"
"38","30113",1,0,0,0,1,353070,2062,"3011302","03","01","Cnpj",35,"06",13847176,8,8,0,3530706,"SP","Campinas","Mogi Mirim","Mogi Guaçu","-22.3675","-46.9428"
"39","30911",1,0,0,0,0,351380,2062,"3091102","05","01","Cnpj",35,"06",9991090,22,22,0,3513801,"SP","Metropolitana de São Paulo","São Paulo","Diadema","-23.6813","-46.6205"
"40","30920",1,0,0,0,0,354060,2062,"3092000","02","01","Cnpj",35,"06",18540000,4,4,0,3540606,"SP","Macro Metropolitana Paulista","Sorocaba","Porto Feliz","-23.2093","-47.5251"
"41","30920",1,0,0,0,1,355280,2062,"3092000","06","01","Cnpj",35,"06",6787370,63,63,0,3552809,"SP","Metropolitana de São Paulo","Itapecerica da Serra","Taboão da Serra","-23.6019","-46.7526"
"42","30121",1,0,0,0,1,354000,2305,"3012100","01","01","Cnpj",35,"06",17580000,0,0,0,3540002,"SP","Marília","Marília","Pompéia","-22.107","-50.176"
"43","30920",1,0,0,0,1,351500,2305,"3092000","02","01","Cnpj",35,"06",6817170,3,3,0,3515004,"SP","Metropolitana de São Paulo","Itapecerica da Serra","Embu das Artes","-23.6437","-46.8579"
"44","30326",1,0,0,0,0,355030,2062,"3032600","05","01","Cnpj",35,"06",5307000,47,47,0,3550308,"SP","Metropolitana de São Paulo","São Paulo","São Paulo","-23.5329","-46.6395"
"45","30318",1,0,0,0,0,355030,2062,"3031800","07","01","Cnpj",35,"06",5477000,118,118,0,3550308,"SP","Metropolitana de São Paulo","São Paulo","São Paulo","-23.5329","-46.6395"
"46","30920",1,0,0,0,1,355030,2062,"3092000","05","01","Cnpj",35,"06",4545042,21,21,0,3550308,"SP","Metropolitana de São Paulo","São Paulo","São Paulo","-23.5329","-46.6395"
"47","30997",1,0,0,0,0,355030,2305,"3099700","04","01","Cnpj",35,"06",2285020,11,11,0,3550308,"SP","Metropolitana de São Paulo","São Paulo","São Paulo","-23.5329","-46.6395"
"48","30113",1,0,0,0,0,351870,2062,"3011302","01","01","Cnpj",35,"06",11430020,0,0,0,3518701,"SP","Metropolitana de São Paulo","Santos","Guarujá","-23.9888","-46.258"
"49","30318",1,0,0,0,0,350320,2062,"3031800","07","01","Cnpj",35,"06",14801970,175,175,0,3503208,"SP","Araraquara","Araraquara","Araraquara","-21.7845","-48.178"
"50","30318",1,0,0,0,0,355030,2062,"3031800","06","01","Cnpj",35,"06",4707000,73,73,0,3550308,"SP","Metropolitana de São Paulo","São Paulo","São Paulo","-23.5329","-46.6395"
"51","30911",1,0,0,0,1,354340,2062,"3091102","03","01","Cnpj",35,"06",14075060,5,5,0,3543402,"SP","Ribeirão Preto","Ribeirão Preto","Ribeirão Preto","-21.1699","-47.8099"
"52","30911",1,0,0,0,0,350320,2062,"3091101","02","01","Cnpj",35,"06",14800440,2,2,0,3503208,"SP","Araraquara","Araraquara","Araraquara","-21.7845","-48.178"
"53","30920",1,0,0,0,1,355250,2062,"3092000","03","01","Cnpj",35,"06",8536600,6,6,0,3552502,"SP","Metropolitana de São Paulo","Mogi das Cruzes","Suzano","-23.5448","-46.3112"
"54","30415",1,0,0,0,0,352110,2062,"3041500","04","01","Cnpj",35,"06",13537000,14,14,0,3521101,"SP","Piracicaba","Rio Claro","Ipeúna","-22.4355","-47.7151"
"55","30423",1,0,0,0,0,354990,2062,"3042300","05","01","Cnpj",35,"06",12247000,35,35,0,3549904,"SP","Vale do Paraíba Paulista","São José dos Campos","São José dos Campos","-23.1896","-45.8841"
"56","30920",1,0,0,0,1,350950,2062,"3092000","03","01","Cnpj",35,"06",13050080,8,8,0,3509502,"SP","Campinas","Campinas","Campinas","-22.9053","-47.0659"
"57","30920",1,0,0,0,1,350600,2135,"3092000","02","01","Cnpj",35,"06",17031420,4,4,0,3506003,"SP","Bauru","Bauru","Bauru","-22.3246","-49.0871"
"58","30920",1,0,0,0,1,355670,2305,"3092000","04","01","Cnpj",35,"06",13280000,12,12,0,3556701,"SP","Campinas","Campinas","Vinhedo","-23.0302","-46.9833"
"59","30920",1,0,0,0,1,355170,2062,"3092000","05","01","Cnpj",35,"06",14176113,44,44,0,3551702,"SP","Ribeirão Preto","Ribeirão Preto","Sertãozinho","-21.1316","-47.9875"
"60","30920",1,0,0,0,0,352590,2305,"3092000","02","01","Cnpj",35,"06",13201080,3,3,0,3525904,"SP","Macro Metropolitana Paulista","Jundiaí","Jundiaí","-23.1852","-46.8974"
"61","30911",1,0,0,0,1,352690,2062,"3091102","02","01","Cnpj",35,"06",13485333,3,3,0,3526902,"SP","Piracicaba","Limeira","Limeira","-22.566","-47.397"
"62","30318",1,0,0,0,0,355030,2054,"3031800","05","01","Cnpj",35,"06",4533010,22,22,0,3550308,"SP","Metropolitana de São Paulo","São Paulo","São Paulo","-23.5329","-46.6395"
"63","30318",1,0,0,0,0,351907,2054,"3031800","05","01","Cnpj",35,"06",13184852,32,32,0,3519071,"SP","Campinas","Campinas","Hortolândia","-22.8529","-47.2143"
"64","30326",1,0,1,0,0,355030,2062,"3032600","02","01","Cnpj",35,"06",5537110,3,3,0,3550308,"SP","Metropolitana de São Paulo","São Paulo","São Paulo","-23.5329","-46.6395"
"65","30415",1,0,0,0,0,354990,2062,"3041500","06","01","Cnpj",35,"06",12238360,83,83,0,3549904,"SP","Vale do Paraíba Paulista","São José dos Campos","São José dos Campos","-23.1896","-45.8841"
"66","30920",1,0,1,0,1,350330,2305,"3092000","03","01","Cnpj",35,"06",13602105,7,7,0,3503307,"SP","Piracicaba","Limeira","Araras","-22.3572","-47.3842"
"67","30318",1,0,0,0,0,355030,2062,"3031800","06","01","Cnpj",35,"06",5092040,67,67,0,3550308,"SP","Metropolitana de São Paulo","São Paulo","São Paulo","-23.5329","-46.6395"
"68","30318",1,0,0,0,0,355410,2062,"3031800","06","01","Cnpj",35,"06",12051573,95,95,0,3554102,"SP","Vale do Paraíba Paulista","São José dos Campos","Taubaté","-23.0104","-45.5593"
"69","30326",1,0,0,0,0,350850,2062,"3032600","07","01","Cnpj",35,"06",12282535,230,230,0,3508504,"SP","Vale do Paraíba Paulista","São José dos Campos","Caçapava","-23.0992","-45.7076"
"70","30911",1,0,0,0,1,353130,2062,"3091102","05","01","Cnpj",35,"06",15910000,25,25,0,3531308,"SP","Ribeirão Preto","Jaboticabal","Monte Alto","-21.2655","-48.4971"
"71","30920",1,0,0,0,1,354980,2135,"3092000","03","01","Cnpj",35,"06",15086060,7,7,0,3549805,"SP","São José do Rio Preto","São José do Rio Preto","São José do Rio Preto","-20.8113","-49.3758"
"72","30920",1,0,0,0,0,355650,2135,"3092000","02","01","Cnpj",35,"06",13220100,3,3,0,3556503,"SP","Macro Metropolitana Paulista","Jundiaí","Várzea Paulista","-23.2136","-46.8234"
"73","30415",1,0,0,0,0,354890,2062,"3041500","04","01","Cnpj",35,"06",13571310,17,17,0,3548906,"SP","Araraquara","São Carlos","São Carlos","-22.0174","-47.886"
"74","30920",1,0,0,0,1,355030,2062,"3092000","02","01","Cnpj",35,"06",3924100,2,2,0,3550308,"SP","Metropolitana de São Paulo","São Paulo","São Paulo","-23.5329","-46.6395"
"75","30423",1,0,0,0,0,354990,2062,"3042300","07","01","Cnpj",35,"06",12237823,183,183,0,3549904,"SP","Vale do Paraíba Paulista","São José dos Campos","São José dos Campos","-23.1896","-45.8841"
"76","30415",1,0,0,0,0,354990,2046,"3041500","10","01","Cnpj",35,"06",12227901,3075,3075,0,3549904,"SP","Vale do Paraíba Paulista","São José dos Campos","São José dos Campos","-23.1896","-45.8841"
"77","30415",1,0,0,0,0,350750,2046,"3041500","10","01","Cnpj",35,"06",18606855,1567,1567,0,3507506,"SP","Bauru","Botucatu","Botucatu","-22.8837","-48.4437"
"78","30415",1,0,0,0,0,351685,2046,"3041500","10","01","Cnpj",35,"06",14813000,2759,2759,0,3516853,"SP","Araraquara","Araraquara","Gavião Peixoto","-21.8367","-48.4957"
"79","30415",1,0,0,0,0,354990,2046,"3041500","10","01","Cnpj",35,"06",12247004,1158,1158,0,3549904,"SP","Vale do Paraíba Paulista","São José dos Campos","São José dos Campos","-23.1896","-45.8841"
"80","30415",1,0,0,0,0,354990,2046,"3041500","04","01","Cnpj",35,"06",12247004,15,15,0,3549904,"SP","Vale do Paraíba Paulista","São José dos Campos","São José dos Campos","-23.1896","-45.8841"
"81","30997",1,0,0,0,1,352260,2305,"3099700","01","01","Cnpj",35,"06",13972170,0,0,0,3522604,"SP","Campinas","Mogi Mirim","Itapira","-22.4357","-46.8224"
"82","30326",1,0,0,0,1,350600,2062,"3032600","04","01","Cnpj",35,"06",17034310,10,10,0,3506003,"SP","Bauru","Bauru","Bauru","-22.3246","-49.0871"
"83","30997",1,0,0,0,0,355030,2062,"3099700","03","01","Cnpj",35,"06",4410040,6,6,0,3550308,"SP","Metropolitana de São Paulo","São Paulo","São Paulo","-23.5329","-46.6395"
"84","30423",1,0,0,0,0,355410,2062,"3042300","06","01","Cnpj",35,"06",12042010,95,95,0,3554102,"SP","Vale do Paraíba Paulista","São José dos Campos","Taubaté","-23.0104","-45.5593"
"85","30911",1,0,0,0,1,353870,2062,"3091102","04","01","Cnpj",35,"06",17360000,16,16,0,3538709,"SP","Piracicaba","Piracicaba","Piracicaba","-22.7338","-47.6476"
"86","30326",1,0,0,0,0,355645,2062,"3032600","03","01","Cnpj",35,"06",6730000,6,6,0,3556453,"SP","Metropolitana de São Paulo","Itapecerica da Serra","Vargem Grande Paulista","-23.5993","-47.022"
"87","30920",1,0,0,0,1,355030,2062,"3092000","05","01","Cnpj",35,"06",5847000,29,29,0,3550308,"SP","Metropolitana de São Paulo","São Paulo","São Paulo","-23.5329","-46.6395"
"88","30997",1,0,0,0,0,350950,2135,"3099700","02","01","Cnpj",35,"06",13065825,2,2,0,3509502,"SP","Campinas","Campinas","Campinas","-22.9053","-47.0659"
"89","30318",1,0,0,0,0,355030,2054,"3031800","02","01","Cnpj",35,"06",5092901,1,1,0,3550308,"SP","Metropolitana de São Paulo","São Paulo","São Paulo","-23.5329","-46.6395"
"90","30318",1,0,0,0,0,353440,2046,"3031800","02","01","Cnpj",35,"06",6093085,3,3,0,3534401,"SP","Metropolitana de São Paulo","Osasco","Osasco","-23.5324","-46.7916"
"91","30423",1,0,0,0,0,354990,2062,"3042300","07","01","Cnpj",35,"06",12227000,169,169,0,3549904,"SP","Vale do Paraíba Paulista","São José dos Campos","São José dos Campos","-23.1896","-45.8841"
"92","30911",1,0,0,0,1,353980,2062,"3091102","05","01","Cnpj",35,"06",8555400,28,28,0,3539806,"SP","Metropolitana de São Paulo","Mogi das Cruzes","Poá","-23.5333","-46.3473"
"93","30911",1,0,0,0,0,355620,2062,"3091102","05","01","Cnpj",35,"06",13278530,37,37,0,3556206,"SP","Campinas","Campinas","Valinhos","-22.9698","-46.9974"
"94","30920",1,0,0,0,1,352690,2305,"3092000","02","01","Cnpj",35,"06",13486971,4,4,0,3526902,"SP","Piracicaba","Limeira","Limeira","-22.566","-47.397"
"95","30920",1,0,0,0,0,353050,2062,"3092000","07","01","Cnpj",35,"06",13738600,115,115,0,3530508,"SP","Campinas","São João da Boa Vista","Mococa","-21.4647","-47.0024"
"96","30121",1,0,0,0,1,354000,2305,"3012100","02","01","Cnpj",35,"06",17580000,3,3,0,3540002,"SP","Marília","Marília","Pompéia","-22.107","-50.176"
"97","30911",1,0,0,0,1,353130,2062,"3091102","05","01","Cnpj",35,"06",15910000,26,26,0,3531308,"SP","Ribeirão Preto","Jaboticabal","Monte Alto","-21.2655","-48.4971"
"98","30911",1,0,0,0,1,355030,2305,"3091102","02","01","Cnpj",35,"06",99999999,2,2,0,3550308,"SP","Metropolitana de São Paulo","São Paulo","São Paulo","-23.5329","-46.6395"
"99","30113",1,0,0,0,0,355030,2062,"3011302","01","01","Cnpj",35,"06",8485570,0,0,0,3550308,"SP","Metropolitana de São Paulo","São Paulo","São Paulo","-23.5329","-46.6395"
"100","30326",1,0,0,0,1,351620,2062,"3032600","04","01","Cnpj",35,"06",14402412,11,11,0,3516200,"SP","Ribeirão Preto","Franca","Franca","-20.5352","-47.4039"
"101","30997",1,0,0,0,0,350760,2062,"3099700","02","01","Cnpj",35,"06",12906000,1,1,0,3507605,"SP","Macro Metropolitana Paulista","Bragança Paulista","Bragança Paulista","-22.9527","-46.5419"
"102","30997",1,0,0,0,0,354800,2305,"3099700","06","01","Cnpj",35,"06",6525001,88,88,0,3548005,"SP","Campinas","Mogi Mirim","Santo Antônio de Posse","-22.6029","-46.9192"
"103","30415",1,0,0,0,0,354910,2062,"3041500","05","01","Cnpj",35,"06",13870970,26,26,0,3549102,"SP","Campinas","São João da Boa Vista","São João da Boa Vista","-21.9707","-46.7944"
"104","30997",1,0,0,0,1,355030,2062,"3099700","02","01","Cnpj",35,"06",3023000,3,3,0,3550308,"SP","Metropolitana de São Paulo","São Paulo","São Paulo","-23.5329","-46.6395"
"105","30920",1,0,0,0,0,352690,2062,"3092000","08","01","Cnpj",35,"06",13481149,318,318,0,3526902,"SP","Piracicaba","Limeira","Limeira","-22.566","-47.397"
"106","30911",1,0,0,0,1,355030,2062,"3091102","05","01","Cnpj",35,"06",3410020,24,24,0,3550308,"SP","Metropolitana de São Paulo","São Paulo","São Paulo","-23.5329","-46.6395"
"107","30997",1,0,1,0,1,351880,2062,"3099700","04","01","Cnpj",35,"06",7074160,19,19,0,3518800,"SP","Metropolitana de São Paulo","Guarulhos","Guarulhos","-23.4538","-46.5333"
"108","30911",1,0,0,0,1,355030,2062,"3091102","02","01","Cnpj",35,"06",3572170,4,4,0,3550308,"SP","Metropolitana de São Paulo","São Paulo","São Paulo","-23.5329","-46.6395"
"109","30318",1,0,0,0,0,353650,2062,"3031800","03","01","Cnpj",35,"06",13146050,5,5,0,3536505,"SP","Campinas","Campinas","Paulínia","-22.7542","-47.1488"
"110","30997",1,0,0,0,0,355030,2305,"3099700","04","01","Cnpj",35,"06",7251250,10,10,0,3550308,"SP","Metropolitana de São Paulo","São Paulo","São Paulo","-23.5329","-46.6395"
"111","30326",1,0,0,0,0,354880,2062,"3032600","02","01","Cnpj",35,"06",9530402,3,3,0,3548807,"SP","Metropolitana de São Paulo","São Paulo","São Caetano do Sul","-23.6229","-46.5548"
"112","30326",1,0,0,0,0,354880,2062,"3032600","03","01","Cnpj",35,"06",9520660,7,7,0,3548807,"SP","Metropolitana de São Paulo","São Paulo","São Caetano do Sul","-23.6229","-46.5548"
"113","30326",1,0,0,0,1,355030,2062,"3032600","02","01","Cnpj",35,"06",4378200,2,2,0,3550308,"SP","Metropolitana de São Paulo","São Paulo","São Paulo","-23.5329","-46.6395"
"114","30920",1,0,0,0,0,352310,2062,"3092000","06","01","Cnpj",35,"06",8586220,61,61,0,3523107,"SP","Metropolitana de São Paulo","Mogi das Cruzes","Itaquaquecetuba","-23.4835","-46.3457"
"115","30326",1,0,0,0,1,355030,2062,"3032600","04","01","Cnpj",35,"06",4255050,11,11,0,3550308,"SP","Metropolitana de São Paulo","São Paulo","São Paulo","-23.5329","-46.6395"
"116","30997",1,0,0,0,1,351870,2135,"3099700","02","01","Cnpj",35,"06",11431200,2,2,0,3518701,"SP","Metropolitana de São Paulo","Santos","Guarujá","-23.9888","-46.258"
"117","30326",1,0,0,0,0,350950,2062,"3032600","02","01","Cnpj",35,"06",13025270,4,4,0,3509502,"SP","Campinas","Campinas","Campinas","-22.9053","-47.0659"
"118","30911",1,0,0,0,1,355030,2062,"3091102","03","01","Cnpj",35,"06",2124080,9,9,0,3550308,"SP","Metropolitana de São Paulo","São Paulo","São Paulo","-23.5329","-46.6395"
"119","30121",1,0,0,0,1,355170,2062,"3012100","04","01","Cnpj",35,"06",14175344,11,11,0,3551702,"SP","Ribeirão Preto","Ribeirão Preto","Sertãozinho","-21.1316","-47.9875"
"120","30423",1,0,0,0,0,350760,2062,"3042300","05","01","Cnpj",35,"06",12903841,43,43,0,3507605,"SP","Macro Metropolitana Paulista","Bragança Paulista","Bragança Paulista","-22.9527","-46.5419"
"121","30326",1,0,0,0,0,350330,2062,"3032600","04","01","Cnpj",35,"06",13602105,11,11,0,3503307,"SP","Piracicaba","Limeira","Araras","-22.3572","-47.3842"
"122","30997",1,0,0,0,1,350950,2062,"3099700","04","01","Cnpj",35,"06",13085725,13,13,0,3509502,"SP","Campinas","Campinas","Campinas","-22.9053","-47.0659"
"123","30920",1,0,0,0,0,352050,2046,"3092000","05","01","Cnpj",35,"06",13347370,45,45,0,3520509,"SP","Campinas","Campinas","Indaiatuba","-23.0816","-47.2101"
"124","30423",1,0,0,0,0,354990,2062,"3042300","07","01","Cnpj",35,"06",12238500,211,211,0,3549904,"SP","Vale do Paraíba Paulista","São José dos Campos","São José dos Campos","-23.1896","-45.8841"
"125","30920",1,0,0,0,1,354700,2062,"3092000","06","01","Cnpj",35,"06",17370000,73,73,0,3547007,"SP","Piracicaba","Piracicaba","Santa Maria da Serra","-22.5661","-48.1593"
"126","30997",1,0,0,0,1,352930,2062,"3099700","02","01","Cnpj",35,"06",15991320,1,1,0,3529302,"SP","Araraquara","Araraquara","Matão","-21.6025","-48.364"
"127","30997",1,0,0,0,1,354140,2135,"3099700","02","01","Cnpj",35,"06",19064190,1,1,0,3541406,"SP","Presidente Prudente","Presidente Prudente","Presidente Prudente","-22.1207","-51.3925"
"128","30997",1,0,0,0,0,351905,2305,"3099700","06","01","Cnpj",35,"06",13825000,90,90,0,3519055,"SP","Campinas","Campinas","Holambra","-22.6405","-47.0487"
"129","30997",1,0,0,0,0,354520,2062,"3099700","05","01","Cnpj",35,"06",13323164,26,26,0,3545209,"SP","Macro Metropolitana Paulista","Sorocaba","Salto","-23.1996","-47.2931"
"130","30423",1,0,0,0,1,351880,2062,"3042300","02","01","Cnpj",35,"06",7054040,4,4,0,3518800,"SP","Metropolitana de São Paulo","Guarulhos","Guarulhos","-23.4538","-46.5333"
"131","30113",1,0,0,0,0,351870,2062,"3011302","02","01","Cnpj",35,"06",11432140,2,2,0,3518701,"SP","Metropolitana de São Paulo","Santos","Guarujá","-23.9888","-46.258"
"132","30326",1,0,0,0,1,355030,2305,"3032600","05","01","Cnpj",35,"06",4373000,21,21,0,3550308,"SP","Metropolitana de São Paulo","São Paulo","São Paulo","-23.5329","-46.6395"
"133","30920",1,0,0,0,1,355030,2135,"3092000","02","01","Cnpj",35,"06",4836220,2,2,0,3550308,"SP","Metropolitana de São Paulo","São Paulo","São Paulo","-23.5329","-46.6395"
"134","30911",1,0,0,0,0,353130,2062,"3091102","08","01","Cnpj",35,"06",15910000,481,481,0,3531308,"SP","Ribeirão Preto","Jaboticabal","Monte Alto","-21.2655","-48.4971"
"135","30920",1,0,0,0,1,355030,2305,"3092000","02","01","Cnpj",35,"06",9920450,4,4,0,3550308,"SP","Metropolitana de São Paulo","São Paulo","São Paulo","-23.5329","-46.6395"
"136","30997",1,0,0,0,0,355030,2062,"3099700","03","01","Cnpj",35,"06",2176020,8,8,0,3550308,"SP","Metropolitana de São Paulo","São Paulo","São Paulo","-23.5329","-46.6395"
"137","30997",1,0,0,0,1,355030,2305,"3099700","04","01","Cnpj",35,"06",5162030,10,10,0,3550308,"SP","Metropolitana de São Paulo","São Paulo","São Paulo","-23.5329","-46.6395"
"138","30326",1,0,0,0,0,355030,2062,"3032600","04","01","Cnpj",35,"06",3479030,16,16,0,3550308,"SP","Metropolitana de São Paulo","São Paulo","São Paulo","-23.5329","-46.6395"
"139","30326",1,0,0,0,1,352400,2305,"3032600","02","01","Cnpj",35,"06",13295000,3,3,0,3524006,"SP","Macro Metropolitana Paulista","Jundiaí","Itupeva","-23.1526","-47.0593"
"140","30911",1,0,0,0,0,353080,2305,"3091101","02","01","Cnpj",35,"06",13800151,1,1,0,3530805,"SP","Campinas","Mogi Mirim","Mogi Mirim","-22.4332","-46.9532"
"141","30415",1,0,0,0,0,354990,2054,"3041500","02","01","Cnpj",35,"06",12247016,1,1,0,3549904,"SP","Vale do Paraíba Paulista","São José dos Campos","São José dos Campos","-23.1896","-45.8841"
"142","30920",1,0,0,0,1,355280,2062,"3092000","03","01","Cnpj",35,"06",6775003,9,9,0,3552809,"SP","Metropolitana de São Paulo","Itapecerica da Serra","Taboão da Serra","-23.6019","-46.7526"
"143","30911",1,0,0,0,0,354340,2062,"3091102","05","01","Cnpj",35,"06",14079016,31,31,0,3543402,"SP","Ribeirão Preto","Ribeirão Preto","Ribeirão Preto","-21.1699","-47.8099"
"144","30997",1,0,0,0,0,351880,2062,"3099700","06","01","Cnpj",35,"06",7251500,93,93,0,3518800,"SP","Metropolitana de São Paulo","Guarulhos","Guarulhos","-23.4538","-46.5333"
"145","30121",1,0,0,0,0,353080,2062,"3012100","02","01","Cnpj",35,"06",13800002,3,3,0,3530805,"SP","Campinas","Mogi Mirim","Mogi Mirim","-22.4332","-46.9532"
"146","30920",1,0,0,0,1,355280,2062,"3092000","03","01","Cnpj",35,"06",6766420,8,8,0,3552809,"SP","Metropolitana de São Paulo","Itapecerica da Serra","Taboão da Serra","-23.6019","-46.7526"
"147","30920",1,0,0,0,0,355030,2062,"3092000","04","01","Cnpj",35,"06",1227000,10,10,0,3550308,"SP","Metropolitana de São Paulo","São Paulo","São Paulo","-23.5329","-46.6395"
"148","30920",1,0,0,0,0,351880,2062,"3092000","06","01","Cnpj",35,"06",7250130,67,67,0,3518800,"SP","Metropolitana de São Paulo","Guarulhos","Guarulhos","-23.4538","-46.5333"
"149","30997",1,0,0,0,0,350650,2062,"3099700","06","01","Cnpj",35,"06",16204296,96,96,0,3506508,"SP","Araçatuba","Birigui","Birigui","-21.291","-50.3432"
"150","30920",1,0,0,0,0,352690,2054,"3092000","07","01","Cnpj",35,"06",13480308,252,252,0,3526902,"SP","Piracicaba","Limeira","Limeira","-22.566","-47.397"
"151","30423",1,0,0,0,0,352440,2062,"3042300","03","01","Cnpj",35,"06",12327673,10,10,0,3524402,"SP","Vale do Paraíba Paulista","São José dos Campos","Jacareí","-23.2983","-45.9658"
"152","30997",1,0,0,0,1,353300,2062,"3099700","03","01","Cnpj",35,"06",15440000,6,6,0,3533007,"SP","São José do Rio Preto","São José do Rio Preto","Nova Granada","-20.5321","-49.3123"
"153","30920",1,0,0,0,1,353080,2062,"3092000","03","01","Cnpj",35,"06",13806650,5,5,0,3530805,"SP","Campinas","Mogi Mirim","Mogi Mirim","-22.4332","-46.9532"
"154","30911",1,0,1,0,1,354580,2062,"3091102","05","01","Cnpj",35,"06",13456400,23,23,0,3545803,"SP","Campinas","Campinas","Santa Bárbara d'Oeste","-22.7553","-47.4143"
"155","30113",1,0,0,0,1,355030,2062,"3011302","02","01","Cnpj",35,"06",4810070,1,1,0,3550308,"SP","Metropolitana de São Paulo","São Paulo","São Paulo","-23.5329","-46.6395"
"156","30121",1,0,0,0,1,351830,2062,"3012100","03","01","Cnpj",35,"06",8900000,5,5,0,3518305,"SP","Metropolitana de São Paulo","Mogi das Cruzes","Guararema","-23.4112","-46.0369"
"157","30920",1,0,0,0,1,352940,2305,"3092000","05","01","Cnpj",35,"06",9350000,31,31,0,3529401,"SP","Metropolitana de São Paulo","São Paulo","Mauá","-23.6677","-46.4613"
"158","30911",1,0,0,0,0,350650,2305,"3091102","06","01","Cnpj",35,"06",16204104,78,78,0,3506508,"SP","Araçatuba","Birigui","Birigui","-21.291","-50.3432"
"159","30423",1,0,0,0,0,354990,2062,"3042300","03","01","Cnpj",35,"06",12244000,9,9,0,3549904,"SP","Vale do Paraíba Paulista","São José dos Campos","São José dos Campos","-23.1896","-45.8841"
"160","30326",1,0,0,0,1,354880,2135,"3032600","02","01","Cnpj",35,"06",9520660,1,1,0,3548807,"SP","Metropolitana de São Paulo","São Paulo","São Caetano do Sul","-23.6229","-46.5548"
"161","30113",1,0,0,0,0,351870,2062,"3011302","03","01","Cnpj",35,"06",11430020,5,5,0,3518701,"SP","Metropolitana de São Paulo","Santos","Guarujá","-23.9888","-46.258"
"162","30113",1,0,0,0,0,351870,2062,"3011302","07","01","Cnpj",35,"06",11430380,142,142,0,3518701,"SP","Metropolitana de São Paulo","Santos","Guarujá","-23.9888","-46.258"
"163","30997",1,0,0,0,1,353730,2062,"3099700","02","01","Cnpj",35,"06",16300000,2,2,0,3537305,"SP","Araçatuba","Birigui","Penápolis","-21.4148","-50.0769"
"164","30997",1,0,0,0,1,355030,2062,"3099700","03","01","Cnpj",35,"06",3028000,9,9,0,3550308,"SP","Metropolitana de São Paulo","São Paulo","São Paulo","-23.5329","-46.6395"
"165","30920",1,0,0,0,1,352670,2305,"3092000","02","01","Cnpj",35,"06",13612394,1,1,0,3526704,"SP","Piracicaba","Limeira","Leme","-22.1809","-47.3841"
"166","30997",1,0,0,0,1,351500,2062,"3099700","02","01","Cnpj",35,"06",6846090,2,2,0,3515004,"SP","Metropolitana de São Paulo","Itapecerica da Serra","Embu das Artes","-23.6437","-46.8579"
"167","30911",1,0,0,0,0,355030,2062,"3091101","02","01","Cnpj",35,"06",4134020,2,2,0,3550308,"SP","Metropolitana de São Paulo","São Paulo","São Paulo","-23.5329","-46.6395"
"168","30920",1,0,0,0,0,351880,2062,"3092000","06","01","Cnpj",35,"06",7054040,54,54,0,3518800,"SP","Metropolitana de São Paulo","Guarulhos","Guarulhos","-23.4538","-46.5333"
"169","30326",1,0,0,0,1,354880,2062,"3032600","04","01","Cnpj",35,"06",9580270,19,19,0,3548807,"SP","Metropolitana de São Paulo","São Paulo","São Caetano do Sul","-23.6229","-46.5548"
"170","30911",1,0,0,0,0,353130,2062,"3091102","05","01","Cnpj",35,"06",15910000,38,38,0,3531308,"SP","Ribeirão Preto","Jaboticabal","Monte Alto","-21.2655","-48.4971"
"171","30911",1,0,0,0,0,354340,2305,"3091102","01","01","Cnpj",35,"06",14075770,0,0,0,3543402,"SP","Ribeirão Preto","Ribeirão Preto","Ribeirão Preto","-21.1699","-47.8099"
"172","30113",1,0,0,0,1,352000,2305,"3011301","04","01","Cnpj",35,"06",17350000,17,17,0,3520004,"SP","Bauru","Jaú","Igaraçu do Tietê","-22.509","-48.5597"
"173","30920",1,0,0,0,1,351570,2062,"3092000","05","01","Cnpj",35,"06",8539200,33,33,0,3515707,"SP","Metropolitana de São Paulo","Mogi das Cruzes","Ferraz de Vasconcelos","-23.5411","-46.371"
"174","30121",1,0,0,0,0,354000,2062,"3012100","05","01","Cnpj",35,"06",17580000,36,36,0,3540002,"SP","Marília","Marília","Pompéia","-22.107","-50.176"
"175","30121",1,0,0,0,0,351880,2062,"3012100","02","01","Cnpj",35,"06",7041030,4,4,0,3518800,"SP","Metropolitana de São Paulo","Guarulhos","Guarulhos","-23.4538","-46.5333"
"176","30415",1,0,0,0,0,354890,2054,"3041500","06","01","Cnpj",35,"06",13567350,52,52,0,3548906,"SP","Araraquara","São Carlos","São Carlos","-22.0174","-47.886"
"177","30920",1,0,0,0,0,354870,2062,"3092000","03","01","Cnpj",35,"06",9600010,11,11,0,3548708,"SP","Metropolitana de São Paulo","São Paulo","São Bernardo do Campo","-23.6914","-46.5646"
"178","30911",1,0,0,0,1,352590,2062,"3091102","02","01","Cnpj",35,"06",13210000,3,3,0,3525904,"SP","Macro Metropolitana Paulista","Jundiaí","Jundiaí","-23.1852","-46.8974"
"179","30997",1,0,0,0,1,354800,2062,"3099700","05","01","Cnpj",35,"06",99999999,20,20,0,3548005,"SP","Campinas","Mogi Mirim","Santo Antônio de Posse","-22.6029","-46.9192"
"180","30997",1,0,0,0,0,354800,2305,"3099700","05","01","Cnpj",35,"06",99999999,22,22,0,3548005,"SP","Campinas","Mogi Mirim","Santo Antônio de Posse","-22.6029","-46.9192"
"181","30423",1,0,0,0,0,355030,2062,"3042300","04","01","Cnpj",35,"06",4257143,19,19,0,3550308,"SP","Metropolitana de São Paulo","São Paulo","São Paulo","-23.5329","-46.6395"
"182","30423",1,0,1,0,0,355410,2062,"3042300","08","01","Cnpj",35,"06",12042010,346,346,0,3554102,"SP","Vale do Paraíba Paulista","São José dos Campos","Taubaté","-23.0104","-45.5593"
"183","30326",1,0,0,0,0,353650,2062,"3032600","02","01","Cnpj",35,"06",13140031,2,2,0,3536505,"SP","Campinas","Campinas","Paulínia","-22.7542","-47.1488"
"184","30997",1,0,0,0,1,351880,2062,"3099700","03","01","Cnpj",35,"06",7141000,6,6,0,3518800,"SP","Metropolitana de São Paulo","Guarulhos","Guarulhos","-23.4538","-46.5333"
"185","30997",1,0,0,0,0,351040,2062,"3099700","05","01","Cnpj",35,"06",13360000,26,26,0,3510401,"SP","Piracicaba","Piracicaba","Capivari","-22.9951","-47.5071"
"186","30997",1,0,0,0,1,354340,2062,"3099700","01","01","Cnpj",35,"06",14050380,0,0,0,3543402,"SP","Ribeirão Preto","Ribeirão Preto","Ribeirão Preto","-21.1699","-47.8099"
"187","30920",1,0,0,0,0,350920,2062,"3092000","02","01","Cnpj",35,"06",7750020,3,3,0,3509205,"SP","Metropolitana de São Paulo","Osasco","Cajamar","-23.355","-46.8781"
"188","30911",1,0,0,0,1,355030,2305,"3091102","02","01","Cnpj",35,"06",3646000,2,2,0,3550308,"SP","Metropolitana de São Paulo","São Paulo","São Paulo","-23.5329","-46.6395"
"189","30997",1,0,0,0,0,350700,2305,"3099700","05","01","Cnpj",35,"06",18550000,48,48,0,3507001,"SP","Itapetininga","Tatuí","Boituva","-23.2855","-47.6786"
"190","30997",1,0,0,0,0,354800,2062,"3099700","03","01","Cnpj",35,"06",99999999,9,9,0,3548005,"SP","Campinas","Mogi Mirim","Santo Antônio de Posse","-22.6029","-46.9192"
"191","30997",1,0,1,0,1,350850,2062,"3099700","02","01","Cnpj",35,"06",12285810,1,1,0,3508504,"SP","Vale do Paraíba Paulista","São José dos Campos","Caçapava","-23.0992","-45.7076"
"192","30415",1,0,0,0,0,355410,2046,"3041500","04","01","Cnpj",35,"06",12042000,14,14,0,3554102,"SP","Vale do Paraíba Paulista","São José dos Campos","Taubaté","-23.0104","-45.5593"
"193","30415",1,0,0,0,0,355220,2046,"3041500","07","01","Cnpj",35,"06",18065290,119,119,0,3552205,"SP","Macro Metropolitana Paulista","Sorocaba","Sorocaba","-23.4969","-47.4451"
"194","30415",1,0,0,0,0,355030,2046,"3041500","07","01","Cnpj",35,"06",4543907,257,257,0,3550308,"SP","Metropolitana de São Paulo","São Paulo","São Paulo","-23.5329","-46.6395"
"195","30920",1,0,0,0,1,355250,2135,"3092000","02","01","Cnpj",35,"06",8693370,2,2,0,3552502,"SP","Metropolitana de São Paulo","Mogi das Cruzes","Suzano","-23.5448","-46.3112"
"196","30997",1,0,0,0,1,354910,2135,"3099700","01","01","Cnpj",35,"06",13870669,0,0,0,3549102,"SP","Campinas","São João da Boa Vista","São João da Boa Vista","-21.9707","-46.7944"
"197","30423",1,0,0,0,0,354990,2062,"3042300","09","01","Cnpj",35,"06",12237540,645,645,0,3549904,"SP","Vale do Paraíba Paulista","São José dos Campos","São José dos Campos","-23.1896","-45.8841"
"198","30423",1,0,0,0,0,355410,2062,"3042300","02","01","Cnpj",35,"06",12042000,4,4,0,3554102,"SP","Vale do Paraíba Paulista","São José dos Campos","Taubaté","-23.0104","-45.5593"
"199","30920",1,0,0,0,1,355030,2062,"3092000","02","01","Cnpj",35,"06",4041070,1,1,0,3550308,"SP","Metropolitana de São Paulo","São Paulo","São Paulo","-23.5329","-46.6395"
"200","30920",1,0,0,0,0,350160,2062,"3092000","05","01","Cnpj",35,"06",13466610,46,46,0,3501608,"SP","Campinas","Campinas","Americana","-22.7374","-47.3331"
"201","30121",1,0,0,0,1,352460,2305,"3012100","04","01","Cnpj",35,"06",11940000,10,10,0,3524600,"SP","Litoral Sul Paulista","Registro","Jacupiranga","-24.6963","-48.0064"
"202","30920",1,0,0,0,1,355030,2062,"3092000","07","01","Cnpj",35,"06",4762040,122,122,0,3550308,"SP","Metropolitana de São Paulo","São Paulo","São Paulo","-23.5329","-46.6395"
"203","30997",1,0,0,0,0,352470,2062,"3099700","07","01","Cnpj",35,"06",99999999,103,103,0,3524709,"SP","Campinas","Campinas","Jaguariúna","-22.7037","-46.9851"
"204","30911",1,0,0,0,1,350700,2305,"3091102","05","01","Cnpj",35,"06",18550000,29,29,0,3507001,"SP","Itapetininga","Tatuí","Boituva","-23.2855","-47.6786"
"205","30920",1,0,0,0,1,354980,2305,"3092000","02","01","Cnpj",35,"06",15045000,4,4,0,3549805,"SP","São José do Rio Preto","São José do Rio Preto","São José do Rio Preto","-20.8113","-49.3758"
"206","30920",1,0,0,0,1,352260,2062,"3092000","05","01","Cnpj",35,"06",13972376,30,30,0,3522604,"SP","Campinas","Mogi Mirim","Itapira","-22.4357","-46.8224"
"207","30920",1,0,0,0,1,351570,2305,"3092000","05","01","Cnpj",35,"06",8530460,23,23,0,3515707,"SP","Metropolitana de São Paulo","Mogi das Cruzes","Ferraz de Vasconcelos","-23.5411","-46.371"
"208","30423",1,0,0,0,1,350650,2062,"3042300","03","01","Cnpj",35,"06",16200205,5,5,0,3506508,"SP","Araçatuba","Birigui","Birigui","-21.291","-50.3432"
"209","30423",1,0,0,0,1,351880,2062,"3042300","05","01","Cnpj",35,"06",7175120,21,21,0,3518800,"SP","Metropolitana de São Paulo","Guarulhos","Guarulhos","-23.4538","-46.5333"
"210","30113",1,0,0,0,0,352500,2062,"3011302","02","01","Cnpj",35,"06",6612130,4,4,0,3525003,"SP","Metropolitana de São Paulo","Osasco","Jandira","-23.5275","-46.9023"
"211","30920",1,0,0,0,1,351500,2305,"3092000","06","01","Cnpj",35,"06",6818300,55,55,0,3515004,"SP","Metropolitana de São Paulo","Itapecerica da Serra","Embu das Artes","-23.6437","-46.8579"
"212","30326",1,0,0,0,0,355030,2062,"3032600","06","01","Cnpj",35,"06",4164010,67,67,0,3550308,"SP","Metropolitana de São Paulo","São Paulo","São Paulo","-23.5329","-46.6395"
"213","30326",1,0,0,0,0,355030,2062,"3032600","03","01","Cnpj",35,"06",4164010,8,8,0,3550308,"SP","Metropolitana de São Paulo","São Paulo","São Paulo","-23.5329","-46.6395"
"214","30997",1,0,0,0,0,355030,2062,"3099700","04","01","Cnpj",35,"06",5755140,11,11,0,3550308,"SP","Metropolitana de São Paulo","São Paulo","São Paulo","-23.5329","-46.6395"
"215","30997",1,0,0,0,0,351880,2062,"3099700","08","01","Cnpj",35,"06",7241000,457,457,0,3518800,"SP","Metropolitana de São Paulo","Guarulhos","Guarulhos","-23.4538","-46.5333"
"216","30920",1,0,0,0,0,352690,2062,"3092000","08","01","Cnpj",35,"06",13480970,473,473,0,3526902,"SP","Piracicaba","Limeira","Limeira","-22.566","-47.397"
"217","30920",1,0,0,0,0,352140,2062,"3092000","05","01","Cnpj",35,"06",13495000,25,25,0,3521408,"SP","Piracicaba","Limeira","Iracemápolis","-22.5832","-47.523"
"218","30911",1,0,0,0,1,354340,2135,"3091102","02","01","Cnpj",35,"06",14020750,3,3,0,3543402,"SP","Ribeirão Preto","Ribeirão Preto","Ribeirão Preto","-21.1699","-47.8099"
"219","30121",1,0,0,0,1,354850,2135,"3012100","01","01","Cnpj",35,"06",11013202,0,0,0,3548500,"SP","Metropolitana de São Paulo","Santos","Santos","-23.9535","-46.335"
"220","30920",1,0,0,0,0,350330,2062,"3092000","05","01","Cnpj",35,"06",13602128,26,26,0,3503307,"SP","Piracicaba","Limeira","Araras","-22.3572","-47.3842"
"221","30920",1,0,0,0,1,355080,2062,"3092000","04","01","Cnpj",35,"06",13790000,19,19,0,3550803,"SP","Campinas","São João da Boa Vista","São Sebastião da Grama","-21.7041","-46.8208"
"222","30920",1,0,0,0,1,352250,2062,"3092000","02","01","Cnpj",35,"06",6653090,2,2,0,3522505,"SP","Metropolitana de São Paulo","Osasco","Itapevi","-23.5488","-46.9327"
"223","30121",1,0,0,0,0,353440,2062,"3012100","08","01","Cnpj",35,"06",6093010,546,546,0,3534401,"SP","Metropolitana de São Paulo","Osasco","Osasco","-23.5324","-46.7916"
"224","30920",1,0,0,0,1,352430,2062,"3092000","03","01","Cnpj",35,"06",14876000,9,9,0,3524303,"SP","Ribeirão Preto","Jaboticabal","Jaboticabal","-21.252","-48.3252"
"225","30415",1,0,0,0,0,355240,2305,"3041500","05","01","Cnpj",35,"06",13175585,34,34,0,3552403,"SP","Campinas","Campinas","Sumaré","-22.8204","-47.2728"
"226","30920",1,0,0,0,0,355030,2062,"3092000","06","01","Cnpj",35,"06",8240210,97,97,0,3550308,"SP","Metropolitana de São Paulo","São Paulo","São Paulo","-23.5329","-46.6395"
"227","30920",1,0,1,0,0,350840,2062,"3092000","02","01","Cnpj",35,"06",13318000,3,3,0,3508405,"SP","Macro Metropolitana Paulista","Sorocaba","Cabreúva","-23.3053","-47.1362"
"228","30113",1,0,0,0,1,353650,2305,"3011302","05","01","Cnpj",35,"06",13140842,28,28,0,3536505,"SP","Campinas","Campinas","Paulínia","-22.7542","-47.1488"
"229","30920",1,0,0,0,1,355670,2062,"3092000","02","01","Cnpj",35,"06",13280000,4,4,0,3556701,"SP","Campinas","Campinas","Vinhedo","-23.0302","-46.9833"
"230","30326",1,0,0,0,0,352050,2062,"3032600","04","01","Cnpj",35,"06",13347662,13,13,0,3520509,"SP","Campinas","Campinas","Indaiatuba","-23.0816","-47.2101"
"231","30920",1,0,0,0,1,352430,2305,"3092000","03","01","Cnpj",35,"06",14871300,7,7,0,3524303,"SP","Ribeirão Preto","Jaboticabal","Jaboticabal","-21.252","-48.3252"
"232","30920",1,0,0,0,1,355030,2305,"3092000","05","01","Cnpj",35,"06",6856700,31,31,0,3550308,"SP","Metropolitana de São Paulo","São Paulo","São Paulo","-23.5329","-46.6395"
"233","30326",1,0,0,0,0,355030,2062,"3032600","07","01","Cnpj",35,"06",5276000,120,120,0,3550308,"SP","Metropolitana de São Paulo","São Paulo","São Paulo","-23.5329","-46.6395"
"234","30920",1,0,0,0,0,350600,2062,"3092000","04","01","Cnpj",35,"06",17039741,18,18,0,3506003,"SP","Bauru","Bauru","Bauru","-22.3246","-49.0871"
"235","30113",1,0,0,0,0,350340,2062,"3011302","05","01","Cnpj",35,"06",17160000,37,37,0,3503406,"SP","Bauru","Bauru","Arealva","-22.031","-48.9135"
"236","30415",1,0,0,0,0,354910,2062,"3041500","04","01","Cnpj",35,"06",13879899,11,11,0,3549102,"SP","Campinas","São João da Boa Vista","São João da Boa Vista","-21.9707","-46.7944"
"237","30920",1,0,0,0,0,351570,2062,"3092000","02","01","Cnpj",35,"06",8540200,1,1,0,3515707,"SP","Metropolitana de São Paulo","Mogi das Cruzes","Ferraz de Vasconcelos","-23.5411","-46.371"
"238","30997",1,0,0,0,1,350600,2062,"3099700","01","01","Cnpj",35,"06",17047245,0,0,0,3506003,"SP","Bauru","Bauru","Bauru","-22.3246","-49.0871"
"239","30920",1,0,0,0,0,352690,2305,"3092000","04","01","Cnpj",35,"06",13484495,12,12,0,3526902,"SP","Piracicaba","Limeira","Limeira","-22.566","-47.397"
"240","30121",1,0,0,0,1,351880,2135,"3012100","02","01","Cnpj",35,"06",7194400,2,2,0,3518800,"SP","Metropolitana de São Paulo","Guarulhos","Guarulhos","-23.4538","-46.5333"
"241","30997",1,0,0,0,0,352690,2062,"3099700","03","01","Cnpj",35,"06",13480970,6,6,0,3526902,"SP","Piracicaba","Limeira","Limeira","-22.566","-47.397"
"242","30920",1,0,0,0,1,350570,2062,"3092000","04","01","Cnpj",35,"06",6408030,14,14,0,3505708,"SP","Metropolitana de São Paulo","Osasco","Barueri","-23.5057","-46.879"
"243","30121",1,0,0,0,1,354660,2135,"3012100","02","01","Cnpj",35,"06",15775000,1,1,0,3546603,"SP","São José do Rio Preto","Jales","Santa Fé do Sul","-20.2083","-50.932"
"244","30920",1,0,0,0,1,354880,2062,"3092000","05","01","Cnpj",35,"06",9551020,41,41,0,3548807,"SP","Metropolitana de São Paulo","São Paulo","São Caetano do Sul","-23.6229","-46.5548"
"245","30121",1,0,0,0,0,355030,2305,"3012100","04","01","Cnpj",35,"06",4657001,17,17,0,3550308,"SP","Metropolitana de São Paulo","São Paulo","São Paulo","-23.5329","-46.6395"
"246","30997",1,0,0,0,1,353930,2062,"3099700","04","01","Cnpj",35,"06",13637000,17,17,0,3539301,"SP","Campinas","Pirassununga","Pirassununga","-21.996","-47.4257"
"247","30121",1,0,0,0,1,353030,2062,"3012100","02","01","Cnpj",35,"06",99999999,4,4,0,3530300,"SP","São José do Rio Preto","São José do Rio Preto","Mirassol","-20.8169","-49.5206"
"248","30920",1,0,0,0,1,352260,2062,"3092000","03","01","Cnpj",35,"06",13973092,7,7,0,3522604,"SP","Campinas","Mogi Mirim","Itapira","-22.4357","-46.8224"
"249","30423",1,0,0,0,0,351840,2305,"3042300","08","01","Cnpj",35,"06",12522640,307,307,0,3518404,"SP","Vale do Paraíba Paulista","Guaratinguetá","Guaratinguetá","-22.8075","-45.1938"
"250","30997",1,0,0,0,1,355710,2062,"3099700","03","01","Cnpj",35,"06",15502045,6,6,0,3557105,"SP","São José do Rio Preto","Votuporanga","Votuporanga","-20.4237","-49.9781"
"251","30318",1,0,0,0,0,351907,2054,"3031800","09","01","Cnpj",35,"06",13184902,931,931,0,3519071,"SP","Campinas","Campinas","Hortolândia","-22.8529","-47.2143"
"252","30326",1,0,0,0,1,355030,2305,"3032600","01","01","Cnpj",35,"06",4384060,0,0,0,3550308,"SP","Metropolitana de São Paulo","São Paulo","São Paulo","-23.5329","-46.6395"
"253","30911",1,0,0,0,1,351880,2062,"3091102","02","01","Cnpj",35,"06",7176090,1,1,0,3518800,"SP","Metropolitana de São Paulo","Guarulhos","Guarulhos","-23.4538","-46.5333"
"254","30920",1,0,0,0,1,354700,2062,"3092000","06","01","Cnpj",35,"06",17370000,50,50,0,3547007,"SP","Piracicaba","Piracicaba","Santa Maria da Serra","-22.5661","-48.1593"
"255","30920",1,0,0,0,0,354880,2062,"3092000","06","01","Cnpj",35,"06",9541100,80,80,0,3548807,"SP","Metropolitana de São Paulo","São Paulo","São Caetano do Sul","-23.6229","-46.5548"
"256","30997",1,0,0,0,0,350590,2062,"3099700","03","01","Cnpj",35,"06",14300000,7,7,0,3505906,"SP","Ribeirão Preto","Batatais","Batatais","-20.8929","-47.5921"
"257","30920",1,0,0,0,0,351570,2062,"3092000","07","01","Cnpj",35,"06",8529200,142,142,0,3515707,"SP","Metropolitana de São Paulo","Mogi das Cruzes","Ferraz de Vasconcelos","-23.5411","-46.371"
"258","30920",1,0,0,0,1,352590,2305,"3092000","03","01","Cnpj",35,"06",13201080,5,5,0,3525904,"SP","Macro Metropolitana Paulista","Jundiaí","Jundiaí","-23.1852","-46.8974"
"259","30920",1,0,0,0,1,352260,2305,"3092000","05","01","Cnpj",35,"06",13974400,22,22,0,3522604,"SP","Campinas","Mogi Mirim","Itapira","-22.4357","-46.8224"
"260","30997",1,0,0,0,0,354780,2305,"3099700","02","01","Cnpj",35,"06",9190210,3,3,0,3547809,"SP","Metropolitana de São Paulo","São Paulo","Santo André","-23.6737","-46.5432"
"261","30121",1,0,0,0,1,355030,2062,"3012100","02","01","Cnpj",35,"06",4730010,3,3,0,3550308,"SP","Metropolitana de São Paulo","São Paulo","São Paulo","-23.5329","-46.6395"
"262","30920",1,0,0,0,1,350320,2062,"3092000","02","01","Cnpj",35,"06",14801572,1,1,0,3503208,"SP","Araraquara","Araraquara","Araraquara","-21.7845","-48.178"
"263","30113",1,0,0,0,1,350530,2062,"3011302","03","01","Cnpj",35,"06",17340000,6,6,0,3505302,"SP","Bauru","Jaú","Barra Bonita","-22.4909","-48.5583"
"264","30997",1,0,0,0,1,350950,2062,"3099700","04","01","Cnpj",35,"06",13045541,14,14,0,3509502,"SP","Campinas","Campinas","Campinas","-22.9053","-47.0659"
"265","30113",1,0,0,0,0,355100,2135,"3011302","05","01","Cnpj",35,"06",11347000,34,34,0,3551009,"SP","Metropolitana de São Paulo","Santos","São Vicente","-23.9574","-46.3883"
"266","30997",1,0,0,0,0,355030,2062,"3099700","02","01","Cnpj",35,"06",2421010,2,2,0,3550308,"SP","Metropolitana de São Paulo","São Paulo","São Paulo","-23.5329","-46.6395"
"267","30121",1,0,0,0,0,350925,2135,"3012100","01","01","Cnpj",35,"06",11950000,0,0,0,3509254,"SP","Litoral Sul Paulista","Registro","Cajati","-24.7324","-48.1223"
"268","30911",1,0,0,0,0,353800,2062,"3091102","04","01","Cnpj",35,"06",12412800,19,19,0,3538006,"SP","Vale do Paraíba Paulista","São José dos Campos","Pindamonhangaba","-22.9246","-45.4613"
"269","30911",1,0,0,0,0,353800,2062,"3091102","05","01","Cnpj",35,"06",12412805,39,39,0,3538006,"SP","Vale do Paraíba Paulista","São José dos Campos","Pindamonhangaba","-22.9246","-45.4613"
"270","30920",1,0,0,0,1,354870,2062,"3092000","04","01","Cnpj",35,"06",9843120,15,15,0,3548708,"SP","Metropolitana de São Paulo","São Paulo","São Bernardo do Campo","-23.6914","-46.5646"
"271","30920",1,0,0,0,0,355030,2054,"3092000","07","01","Cnpj",35,"06",4578000,110,110,0,3550308,"SP","Metropolitana de São Paulo","São Paulo","São Paulo","-23.5329","-46.6395"
"272","30920",1,0,0,0,0,350410,2054,"3092000","06","01","Cnpj",35,"06",12954260,61,61,0,3504107,"SP","Macro Metropolitana Paulista","Bragança Paulista","Atibaia","-23.1171","-46.5563"
"273","30911",1,0,0,0,0,355030,2062,"3091101","07","01","Cnpj",35,"06",4710090,193,193,0,3550308,"SP","Metropolitana de São Paulo","São Paulo","São Paulo","-23.5329","-46.6395"
"274","30911",1,0,0,0,0,355030,2062,"3091101","05","01","Cnpj",35,"06",4710090,34,34,0,3550308,"SP","Metropolitana de São Paulo","São Paulo","São Paulo","-23.5329","-46.6395"
"275","30121",1,0,0,0,0,350410,2062,"3012100","02","01","Cnpj",35,"06",12951160,2,2,0,3504107,"SP","Macro Metropolitana Paulista","Bragança Paulista","Atibaia","-23.1171","-46.5563"
"276","30113",1,0,0,0,0,350280,2062,"3011302","05","01","Cnpj",35,"06",16026000,39,39,0,3502804,"SP","Araçatuba","Araçatuba","Araçatuba","-21.2076","-50.4401"
"277","30920",1,0,0,0,0,354990,2054,"3092000","05","01","Cnpj",35,"06",12224240,39,39,0,3549904,"SP","Vale do Paraíba Paulista","São José dos Campos","São José dos Campos","-23.1896","-45.8841"
"278","30920",1,0,0,0,1,351380,2062,"3092000","04","01","Cnpj",35,"06",9920450,11,11,0,3513801,"SP","Metropolitana de São Paulo","São Paulo","Diadema","-23.6813","-46.6205"
"279","30920",1,0,0,0,1,350330,2062,"3092000","04","01","Cnpj",35,"06",13602103,17,17,0,3503307,"SP","Piracicaba","Limeira","Araras","-22.3572","-47.3842"
"280","30121",1,0,0,0,1,355030,2062,"3012100","04","01","Cnpj",35,"06",3490000,10,10,0,3550308,"SP","Metropolitana de São Paulo","São Paulo","São Paulo","-23.5329","-46.6395"
"281","30911",1,0,0,0,0,351880,2062,"3091101","08","01","Cnpj",35,"06",7178580,293,293,0,3518800,"SP","Metropolitana de São Paulo","Guarulhos","Guarulhos","-23.4538","-46.5333"
"282","30121",1,0,0,0,1,353030,2135,"3012100","03","01","Cnpj",35,"06",99999999,7,7,0,3530300,"SP","São José do Rio Preto","São José do Rio Preto","Mirassol","-20.8169","-49.5206"
"283","30920",1,0,0,0,0,355220,2305,"3092000","02","01","Cnpj",35,"06",18105001,1,1,0,3552205,"SP","Macro Metropolitana Paulista","Sorocaba","Sorocaba","-23.4969","-47.4451"
"284","30920",1,0,0,0,0,352690,2062,"3092000","04","01","Cnpj",35,"06",13486971,10,10,0,3526902,"SP","Piracicaba","Limeira","Limeira","-22.566","-47.397"
"285","30920",1,0,0,0,1,351380,2305,"3092000","05","01","Cnpj",35,"06",9970300,32,32,0,3513801,"SP","Metropolitana de São Paulo","São Paulo","Diadema","-23.6813","-46.6205"
"286","30920",1,0,0,0,0,355030,2135,"3092000","02","01","Cnpj",35,"06",4704030,2,2,0,3550308,"SP","Metropolitana de São Paulo","São Paulo","São Paulo","-23.5329","-46.6395"
"287","30911",1,0,0,0,1,351880,2062,"3091102","04","01","Cnpj",35,"06",7183350,16,16,0,3518800,"SP","Metropolitana de São Paulo","Guarulhos","Guarulhos","-23.4538","-46.5333"
"288","30997",1,0,0,0,1,352260,2062,"3099700","02","01","Cnpj",35,"06",13972170,1,1,0,3522604,"SP","Campinas","Mogi Mirim","Itapira","-22.4357","-46.8224"
"289","30121",1,0,0,0,1,350840,2062,"3012100","02","01","Cnpj",35,"06",13318000,3,3,0,3508405,"SP","Macro Metropolitana Paulista","Sorocaba","Cabreúva","-23.3053","-47.1362"
"290","30415",1,0,0,0,0,351620,2305,"3041500","03","01","Cnpj",35,"06",14404450,7,7,0,3516200,"SP","Ribeirão Preto","Franca","Franca","-20.5352","-47.4039"
"291","30920",1,0,0,0,1,351570,2062,"3092000","02","01","Cnpj",35,"06",8532300,4,4,0,3515707,"SP","Metropolitana de São Paulo","Mogi das Cruzes","Ferraz de Vasconcelos","-23.5411","-46.371"
"292","30423",1,0,0,0,0,351340,2054,"3042300","04","01","Cnpj",35,"06",12712010,11,11,0,3513405,"SP","Vale do Paraíba Paulista","Guaratinguetá","Cruzeiro","-22.5728","-44.969"
"293","30920",1,0,0,0,1,355710,2062,"3092000","04","01","Cnpj",35,"06",15500051,10,10,0,3557105,"SP","São José do Rio Preto","Votuporanga","Votuporanga","-20.4237","-49.9781"
"294","30415",1,0,0,0,0,350700,2062,"3041500","03","01","Cnpj",35,"06",18550000,5,5,0,3507001,"SP","Itapetininga","Tatuí","Boituva","-23.2855","-47.6786"
"295","30920",1,0,0,0,1,350600,2062,"3092000","03","01","Cnpj",35,"06",17047010,5,5,0,3506003,"SP","Bauru","Bauru","Bauru","-22.3246","-49.0871"
"296","30997",1,0,0,0,1,352690,2062,"3099700","03","01","Cnpj",35,"06",13480970,6,6,0,3526902,"SP","Piracicaba","Limeira","Limeira","-22.566","-47.397"
"297","30920",1,0,0,0,1,355030,2062,"3092000","02","01","Cnpj",35,"06",5787000,1,1,0,3550308,"SP","Metropolitana de São Paulo","São Paulo","São Paulo","-23.5329","-46.6395"
"298","30326",1,0,0,0,0,351907,2062,"3032600","07","01","Cnpj",35,"06",13184902,136,136,0,3519071,"SP","Campinas","Campinas","Hortolândia","-22.8529","-47.2143"
"299","30997",1,0,0,0,0,350160,2062,"3099700","02","01","Cnpj",35,"06",13473291,2,2,0,3501608,"SP","Campinas","Campinas","Americana","-22.7374","-47.3331"
"300","30920",1,0,1,0,1,350330,2062,"3092000","05","01","Cnpj",35,"06",13602105,21,21,0,3503307,"SP","Piracicaba","Limeira","Araras","-22.3572","-47.3842"
"301","30911",1,0,0,0,1,355030,2135,"3091102","02","01","Cnpj",35,"06",2976100,1,1,0,3550308,"SP","Metropolitana de São Paulo","São Paulo","São Paulo","-23.5329","-46.6395"
"302","30318",1,0,0,0,0,355240,2305,"3031800","06","01","Cnpj",35,"06",13180570,120,120,0,3552403,"SP","Campinas","Campinas","Sumaré","-22.8204","-47.2728"
"303","30423",1,0,0,0,1,350750,2062,"3042300","05","01","Cnpj",35,"06",18608850,41,41,0,3507506,"SP","Bauru","Botucatu","Botucatu","-22.8837","-48.4437"
"304","30920",1,0,0,0,1,351570,2062,"3092000","01","01","Cnpj",35,"06",8542000,0,0,0,3515707,"SP","Metropolitana de São Paulo","Mogi das Cruzes","Ferraz de Vasconcelos","-23.5411","-46.371"
"305","30920",1,0,0,0,1,354390,2062,"3092000","03","01","Cnpj",35,"06",13500144,9,9,0,3543907,"SP","Piracicaba","Rio Claro","Rio Claro","-22.3984","-47.5546"
"306","30121",1,0,0,0,1,351160,2062,"3012100","02","01","Cnpj",35,"06",18285000,2,2,0,3511607,"SP","Itapetininga","Tatuí","Cesário Lange","-23.226","-47.9545"
"307","30920",1,0,0,0,0,355030,2135,"3092000","04","01","Cnpj",35,"06",3449000,11,11,0,3550308,"SP","Metropolitana de São Paulo","São Paulo","São Paulo","-23.5329","-46.6395"
"308","30920",1,0,0,0,1,350570,2062,"3092000","03","01","Cnpj",35,"06",6408030,7,7,0,3505708,"SP","Metropolitana de São Paulo","Osasco","Barueri","-23.5057","-46.879"
"309","30920",1,0,0,0,1,351500,2305,"3092000","02","01","Cnpj",35,"06",6817170,2,2,0,3515004,"SP","Metropolitana de São Paulo","Itapecerica da Serra","Embu das Artes","-23.6437","-46.8579"
"310","30415",1,0,0,0,1,352340,2305,"3041500","03","01","Cnpj",35,"06",13257260,7,7,0,3523404,"SP","Macro Metropolitana Paulista","Bragança Paulista","Itatiba","-23.0035","-46.8464"
"311","30920",1,0,0,0,1,352430,2062,"3092000","05","01","Cnpj",35,"06",14874002,24,24,0,3524303,"SP","Ribeirão Preto","Jaboticabal","Jaboticabal","-21.252","-48.3252"
"312","30920",1,0,0,0,1,353070,2135,"3092000","05","01","Cnpj",35,"06",13849106,40,40,0,3530706,"SP","Campinas","Mogi Mirim","Mogi Guaçu","-22.3675","-46.9428"
"313","30920",1,0,0,0,0,350700,2305,"3092000","03","01","Cnpj",35,"06",18550000,13,13,0,3507001,"SP","Itapetininga","Tatuí","Boituva","-23.2855","-47.6786"
"314","30997",1,0,0,0,0,350750,2062,"3099700","01","01","Cnpj",35,"06",18608393,0,0,0,3507506,"SP","Bauru","Botucatu","Botucatu","-22.8837","-48.4437"
"315","30920",1,0,0,0,1,355250,2135,"3092000","02","01","Cnpj",35,"06",8664005,2,2,0,3552502,"SP","Metropolitana de São Paulo","Mogi das Cruzes","Suzano","-23.5448","-46.3112"
"316","30415",1,0,0,0,1,354340,2062,"3041500","02","01","Cnpj",35,"06",14015050,2,2,0,3543402,"SP","Ribeirão Preto","Ribeirão Preto","Ribeirão Preto","-21.1699","-47.8099"
"317","30920",1,0,0,0,0,352690,2062,"3092000","07","01","Cnpj",35,"06",13487162,161,161,0,3526902,"SP","Piracicaba","Limeira","Limeira","-22.566","-47.397"
"318","30423",1,0,0,0,0,354990,2062,"3042300","05","01","Cnpj",35,"06",12238450,27,27,0,3549904,"SP","Vale do Paraíba Paulista","São José dos Campos","São José dos Campos","-23.1896","-45.8841"
"319","30997",1,0,0,0,1,355030,2062,"3099700","02","01","Cnpj",35,"06",4212001,2,2,0,3550308,"SP","Metropolitana de São Paulo","São Paulo","São Paulo","-23.5329","-46.6395"
"320","30326",1,0,1,0,1,355220,2305,"3032600","03","01","Cnpj",35,"06",18071590,6,6,0,3552205,"SP","Macro Metropolitana Paulista","Sorocaba","Sorocaba","-23.4969","-47.4451"
"321","30920",1,0,0,0,1,354990,2062,"3092000","05","01","Cnpj",35,"06",12223140,21,21,0,3549904,"SP","Vale do Paraíba Paulista","São José dos Campos","São José dos Campos","-23.1896","-45.8841"
"322","30920",1,0,0,0,0,355610,2062,"3092000","03","01","Cnpj",35,"06",15520000,6,6,0,3556107,"SP","São José do Rio Preto","Votuporanga","Valentim Gentil","-20.4217","-50.0889"
"323","30423",1,0,0,0,0,352440,2062,"3042300","08","01","Cnpj",35,"06",12305010,296,296,0,3524402,"SP","Vale do Paraíba Paulista","São José dos Campos","Jacareí","-23.2983","-45.9658"
"324","30423",1,0,0,0,0,352900,2062,"3042300","03","01","Cnpj",35,"06",17507000,7,7,0,3529005,"SP","Marília","Marília","Marília","-22.2171","-49.9501"
"325","30920",1,0,0,0,0,351060,2062,"3092000","01","01","Cnpj",35,"06",6395000,0,0,0,3510609,"SP","Metropolitana de São Paulo","Osasco","Carapicuíba","-23.5235","-46.8407"
"326","30326",1,0,0,0,1,354880,2062,"3032600","03","01","Cnpj",35,"06",9572210,5,5,0,3548807,"SP","Metropolitana de São Paulo","São Paulo","São Caetano do Sul","-23.6229","-46.5548"
"327","30920",1,0,0,0,1,350840,2135,"3092000","04","01","Cnpj",35,"06",13318000,13,13,0,3508405,"SP","Macro Metropolitana Paulista","Sorocaba","Cabreúva","-23.3053","-47.1362"
"328","30113",1,0,0,0,0,351870,2062,"3011302","02","01","Cnpj",35,"06",11420730,3,3,0,3518701,"SP","Metropolitana de São Paulo","Santos","Guarujá","-23.9888","-46.258"
"329","30415",1,0,0,0,0,354990,2062,"3041500","02","01","Cnpj",35,"06",12236660,1,1,0,3549904,"SP","Vale do Paraíba Paulista","São José dos Campos","São José dos Campos","-23.1896","-45.8841"
"330","30997",1,0,0,0,0,355645,2305,"3099700","02","01","Cnpj",35,"06",6730000,4,4,0,3556453,"SP","Metropolitana de São Paulo","Itapecerica da Serra","Vargem Grande Paulista","-23.5993","-47.022"
"331","30997",1,0,0,0,0,355030,2062,"3099700","02","01","Cnpj",35,"06",3951090,1,1,0,3550308,"SP","Metropolitana de São Paulo","São Paulo","São Paulo","-23.5329","-46.6395"
"332","30121",1,0,0,0,0,351870,2062,"3012100","07","01","Cnpj",35,"06",11420720,144,144,0,3518701,"SP","Metropolitana de São Paulo","Santos","Guarujá","-23.9888","-46.258"
"333","30920",1,0,0,0,1,351570,2305,"3092000","04","01","Cnpj",35,"06",8539200,13,13,0,3515707,"SP","Metropolitana de São Paulo","Mogi das Cruzes","Ferraz de Vasconcelos","-23.5411","-46.371"
"334","30920",1,0,1,0,1,351880,2062,"3092000","05","01","Cnpj",35,"06",7054040,27,27,0,3518800,"SP","Metropolitana de São Paulo","Guarulhos","Guarulhos","-23.4538","-46.5333"
"335","30326",1,0,0,0,0,354870,2062,"3032600","04","01","Cnpj",35,"06",9895280,12,12,0,3548708,"SP","Metropolitana de São Paulo","São Paulo","São Bernardo do Campo","-23.6914","-46.5646"
"336","30121",1,0,0,0,0,350410,2062,"3012100","06","01","Cnpj",35,"06",12953162,70,70,0,3504107,"SP","Macro Metropolitana Paulista","Bragança Paulista","Atibaia","-23.1171","-46.5563"
"337","30911",1,0,0,0,1,353870,2062,"3091102","02","01","Cnpj",35,"06",13424230,2,2,0,3538709,"SP","Piracicaba","Piracicaba","Piracicaba","-22.7338","-47.6476"
"338","30121",1,0,0,0,1,355030,2062,"3012100","05","01","Cnpj",35,"06",4458000,38,38,0,3550308,"SP","Metropolitana de São Paulo","São Paulo","São Paulo","-23.5329","-46.6395"
"339","30326",1,0,0,0,0,355220,2062,"3032600","05","01","Cnpj",35,"06",18071801,25,25,0,3552205,"SP","Macro Metropolitana Paulista","Sorocaba","Sorocaba","-23.4969","-47.4451"
"340","30997",1,0,0,0,1,352340,2135,"3099700","02","01","Cnpj",35,"06",13251710,4,4,0,3523404,"SP","Macro Metropolitana Paulista","Bragança Paulista","Itatiba","-23.0035","-46.8464"
"341","30920",1,0,0,0,1,355030,2062,"3092000","03","01","Cnpj",35,"06",4764050,9,9,0,3550308,"SP","Metropolitana de São Paulo","São Paulo","São Paulo","-23.5329","-46.6395"
"342","30911",1,0,0,0,1,351570,2062,"3091102","05","01","Cnpj",35,"06",8536600,48,48,0,3515707,"SP","Metropolitana de São Paulo","Mogi das Cruzes","Ferraz de Vasconcelos","-23.5411","-46.371"
"343","30920",1,0,0,0,0,353070,2305,"3092000","06","01","Cnpj",35,"06",13849104,88,88,0,3530706,"SP","Campinas","Mogi Mirim","Mogi Guaçu","-22.3675","-46.9428"
"344","30423",1,0,1,0,1,351880,2135,"3042300","04","01","Cnpj",35,"06",7190000,16,16,0,3518800,"SP","Metropolitana de São Paulo","Guarulhos","Guarulhos","-23.4538","-46.5333"
"345","30997",1,0,0,0,1,355170,2062,"3099700","03","01","Cnpj",35,"06",14175000,9,9,0,3551702,"SP","Ribeirão Preto","Ribeirão Preto","Sertãozinho","-21.1316","-47.9875"
"346","30920",1,0,0,0,1,351040,2062,"3092000","02","01","Cnpj",35,"06",13360000,3,3,0,3510401,"SP","Piracicaba","Piracicaba","Capivari","-22.9951","-47.5071"
"347","30423",1,0,0,0,0,355410,2062,"3042300","04","01","Cnpj",35,"06",12092762,10,10,0,3554102,"SP","Vale do Paraíba Paulista","São José dos Campos","Taubaté","-23.0104","-45.5593"
"348","30997",1,0,0,0,1,355250,2062,"3099700","02","01","Cnpj",35,"06",8615190,1,1,0,3552502,"SP","Metropolitana de São Paulo","Mogi das Cruzes","Suzano","-23.5448","-46.3112"
"349","30415",1,0,0,0,1,353430,2062,"3041500","05","01","Cnpj",35,"06",14620000,23,23,0,3534302,"SP","Ribeirão Preto","São Joaquim da Barra","Orlândia","-20.7169","-47.8852"
"350","30997",1,0,0,0,1,354600,2062,"3099700","03","01","Cnpj",35,"06",12380000,5,5,0,3546009,"SP","Vale do Paraíba Paulista","São José dos Campos","Santa Branca","-23.3933","-45.8875"
"351","30423",1,0,0,0,0,354990,2062,"3042300","08","01","Cnpj",35,"06",12236660,454,454,0,3549904,"SP","Vale do Paraíba Paulista","São José dos Campos","São José dos Campos","-23.1896","-45.8841"
"352","30113",1,0,0,0,0,353650,2062,"3011302","03","01","Cnpj",35,"06",13140842,11,11,0,3536505,"SP","Campinas","Campinas","Paulínia","-22.7542","-47.1488"
"353","30121",1,0,0,0,1,355030,2062,"3012100","05","01","Cnpj",35,"06",4761020,21,21,0,3550308,"SP","Metropolitana de São Paulo","São Paulo","São Paulo","-23.5329","-46.6395"
"354","30997",1,0,0,0,1,355030,2062,"3099700","03","01","Cnpj",35,"06",5755150,5,5,0,3550308,"SP","Metropolitana de São Paulo","São Paulo","São Paulo","-23.5329","-46.6395"
"355","30113",1,0,0,0,0,351870,2062,"3011301","02","01","Cnpj",35,"06",11432130,1,1,0,3518701,"SP","Metropolitana de São Paulo","Santos","Guarujá","-23.9888","-46.258"
"356","30326",1,0,0,0,1,355030,2062,"3032600","04","01","Cnpj",35,"06",4764050,19,19,0,3550308,"SP","Metropolitana de São Paulo","São Paulo","São Paulo","-23.5329","-46.6395"
"357","30920",1,0,1,0,1,354520,2062,"3092000","04","01","Cnpj",35,"06",13324200,16,16,0,3545209,"SP","Macro Metropolitana Paulista","Sorocaba","Salto","-23.1996","-47.2931"
"358","30920",1,0,0,0,1,351570,2305,"3092000","05","01","Cnpj",35,"06",8530460,24,24,0,3515707,"SP","Metropolitana de São Paulo","Mogi das Cruzes","Ferraz de Vasconcelos","-23.5411","-46.371"
"359","30997",1,0,0,1,1,355030,2062,"3099700","01","01","Cnpj",35,"06",1305100,0,0,0,3550308,"SP","Metropolitana de São Paulo","São Paulo","São Paulo","-23.5329","-46.6395"
"360","30121",0,0,0,1,0,355030,2135,"3012100","01","01","Cnpj",35,"06",4552050,0,0,0,3550308,"SP","Metropolitana de São Paulo","São Paulo","São Paulo","-23.5329","-46.6395"
"361","30997",9,0,0,1,0,350950,2062,"3099700","01","01","Cnpj",35,"06",13065825,0,0,0,3509502,"SP","Campinas","Campinas","Campinas","-22.9053","-47.0659"
"362","30920",0,0,0,1,1,355650,2135,"3092000","01","01","Cnpj",35,"06",13225100,0,0,0,3556503,"SP","Macro Metropolitana Paulista","Jundiaí","Várzea Paulista","-23.2136","-46.8234"
"363","30113",9,0,0,1,0,355030,2054,"3011301","01","01","Cnpj",35,"06",1452001,0,0,0,3550308,"SP","Metropolitana de São Paulo","São Paulo","São Paulo","-23.5329","-46.6395"
"364","30911",0,0,0,1,1,355030,2062,"3091102","01","01","Cnpj",35,"06",1036100,0,0,0,3550308,"SP","Metropolitana de São Paulo","São Paulo","São Paulo","-23.5329","-46.6395"
"365","30920",1,0,0,1,0,355030,2062,"3092000","01","01","Cnpj",35,"06",4832000,0,0,0,3550308,"SP","Metropolitana de São Paulo","São Paulo","São Paulo","-23.5329","-46.6395"
"366","30997",1,0,0,1,0,351340,2062,"3099700","01","01","Cnpj",35,"06",12721110,0,0,0,3513405,"SP","Vale do Paraíba Paulista","Guaratinguetá","Cruzeiro","-22.5728","-44.969"
"367","30997",9,0,0,1,0,352050,2305,"3099700","01","01","Cnpj",35,"06",13347435,0,0,0,3520509,"SP","Campinas","Campinas","Indaiatuba","-23.0816","-47.2101"
"368","30113",0,0,0,1,1,355030,2135,"3011301","01","01","Cnpj",35,"06",3975080,0,0,0,3550308,"SP","Metropolitana de São Paulo","São Paulo","São Paulo","-23.5329","-46.6395"
"369","30997",0,0,0,1,0,350850,2062,"3099700","01","01","Cnpj",35,"06",12283510,0,0,0,3508504,"SP","Vale do Paraíba Paulista","São José dos Campos","Caçapava","-23.0992","-45.7076"
"370","30423",9,0,0,1,0,350750,2054,"3042300","01","01","Cnpj",35,"06",18606855,0,0,0,3507506,"SP","Bauru","Botucatu","Botucatu","-22.8837","-48.4437"
"371","30121",9,0,0,1,0,354990,2062,"3012100","01","01","Cnpj",35,"06",12238572,0,0,0,3549904,"SP","Vale do Paraíba Paulista","São José dos Campos","São José dos Campos","-23.1896","-45.8841"
"372","30920",0,0,0,1,0,353800,2062,"3092000","01","01","Cnpj",35,"06",12425190,0,0,0,3538006,"SP","Vale do Paraíba Paulista","São José dos Campos","Pindamonhangaba","-22.9246","-45.4613"
"373","30318",0,0,0,1,1,355030,2178,"3031800","01","01","Cnpj",35,"06",4533010,0,0,0,3550308,"SP","Metropolitana de São Paulo","São Paulo","São Paulo","-23.5329","-46.6395"
"374","30920",1,0,0,1,1,355030,2062,"3092000","01","01","Cnpj",35,"06",3931040,0,0,0,3550308,"SP","Metropolitana de São Paulo","São Paulo","São Paulo","-23.5329","-46.6395"
"375","30920",1,0,0,1,1,355280,2305,"3092000","01","01","Cnpj",35,"06",6787370,0,0,0,3552809,"SP","Metropolitana de São Paulo","Itapecerica da Serra","Taboão da Serra","-23.6019","-46.7526"
"376","30920",1,0,0,1,1,350700,2135,"3092000","01","01","Cnpj",35,"06",18550000,0,0,0,3507001,"SP","Itapetininga","Tatuí","Boituva","-23.2855","-47.6786"
"377","30121",0,0,0,1,1,354660,2305,"3012100","01","01","Cnpj",35,"06",15775000,0,0,0,3546603,"SP","São José do Rio Preto","Jales","Santa Fé do Sul","-20.2083","-50.932"
"378","30113",9,0,0,1,0,355650,2062,"3011302","01","01","Cnpj",35,"06",13221800,0,0,0,3556503,"SP","Macro Metropolitana Paulista","Jundiaí","Várzea Paulista","-23.2136","-46.8234"
"379","30318",0,0,0,1,0,350320,2151,"3031800","01","01","Cnpj",35,"06",14806500,0,0,0,3503208,"SP","Araraquara","Araraquara","Araraquara","-21.7845","-48.178"
"380","30911",0,0,0,1,1,355030,2062,"3091102","01","01","Cnpj",35,"06",3634090,0,0,0,3550308,"SP","Metropolitana de São Paulo","São Paulo","São Paulo","-23.5329","-46.6395"
"381","30920",1,0,0,1,0,355710,2135,"3092000","01","01","Cnpj",35,"06",15505131,0,0,0,3557105,"SP","São José do Rio Preto","Votuporanga","Votuporanga","-20.4237","-49.9781"
"382","30113",1,0,0,1,1,352480,2135,"3011302","01","01","Cnpj",35,"06",15700000,0,0,0,3524808,"SP","São José do Rio Preto","Jales","Jales","-20.2672","-50.5494"
"383","30113",0,0,0,1,1,354870,2305,"3011301","01","01","Cnpj",35,"06",9891620,0,0,0,3548708,"SP","Metropolitana de São Paulo","São Paulo","São Bernardo do Campo","-23.6914","-46.5646"
"384","30121",9,0,0,1,0,350850,2305,"3012100","01","01","Cnpj",35,"06",12294413,0,0,0,3508504,"SP","Vale do Paraíba Paulista","São José dos Campos","Caçapava","-23.0992","-45.7076"
"385","30911",9,0,0,1,0,352470,2305,"3091101","01","01","Cnpj",35,"06",99999999,0,0,0,3524709,"SP","Campinas","Campinas","Jaguariúna","-22.7037","-46.9851"
"386","30920",1,0,0,1,0,355030,2305,"3092000","01","01","Cnpj",35,"06",5878150,0,0,0,3550308,"SP","Metropolitana de São Paulo","São Paulo","São Paulo","-23.5329","-46.6395"
"387","30920",0,0,0,1,0,354990,2062,"3092000","01","01","Cnpj",35,"06",12235680,0,0,0,3549904,"SP","Vale do Paraíba Paulista","São José dos Campos","São José dos Campos","-23.1896","-45.8841"
"388","30920",1,0,0,1,1,352690,2135,"3092000","01","01","Cnpj",35,"06",13481155,0,0,0,3526902,"SP","Piracicaba","Limeira","Limeira","-22.566","-47.397"
"389","30997",0,0,0,1,0,351500,2240,"3099700","01","01","Cnpj",35,"06",6810060,0,0,0,3515004,"SP","Metropolitana de São Paulo","Itapecerica da Serra","Embu das Artes","-23.6437","-46.8579"
"390","30318",9,0,0,1,0,351907,2054,"3031800","01","01","Cnpj",35,"06",13184902,0,0,0,3519071,"SP","Campinas","Campinas","Hortolândia","-22.8529","-47.2143"
"391","30920",0,0,0,1,0,351060,2062,"3092000","01","01","Cnpj",35,"06",6315181,0,0,0,3510609,"SP","Metropolitana de São Paulo","Osasco","Carapicuíba","-23.5235","-46.8407"
"392","30997",9,0,0,1,0,351880,2062,"3099700","01","01","Cnpj",35,"06",7041020,0,0,0,3518800,"SP","Metropolitana de São Paulo","Guarulhos","Guarulhos","-23.4538","-46.5333"
"393","30911",0,0,0,1,0,350950,2062,"3091101","01","01","Cnpj",35,"06",13080010,0,0,0,3509502,"SP","Campinas","Campinas","Campinas","-22.9053","-47.0659"
"394","30911",0,0,0,1,0,350950,2062,"3091101","01","01","Cnpj",35,"06",13075420,0,0,0,3509502,"SP","Campinas","Campinas","Campinas","-22.9053","-47.0659"
"395","30920",1,0,0,1,1,352590,2305,"3092000","01","01","Cnpj",35,"06",13206765,0,0,0,3525904,"SP","Macro Metropolitana Paulista","Jundiaí","Jundiaí","-23.1852","-46.8974"
"396","30911",0,0,0,1,1,353130,2062,"3091101","01","01","Cnpj",35,"06",15910000,0,0,0,3531308,"SP","Ribeirão Preto","Jaboticabal","Monte Alto","-21.2655","-48.4971"
"397","30326",1,0,0,1,1,355030,2305,"3032600","01","01","Cnpj",35,"06",5537110,0,0,0,3550308,"SP","Metropolitana de São Paulo","São Paulo","São Paulo","-23.5329","-46.6395"
"398","30920",1,0,0,1,0,351340,2135,"3092000","01","01","Cnpj",35,"06",12701999,0,0,0,3513405,"SP","Vale do Paraíba Paulista","Guaratinguetá","Cruzeiro","-22.5728","-44.969"
"399","30911",1,0,0,1,1,355030,2062,"3091102","01","01","Cnpj",35,"06",4911005,0,0,0,3550308,"SP","Metropolitana de São Paulo","São Paulo","São Paulo","-23.5329","-46.6395"
"400","30920",0,0,0,1,1,350945,2062,"3092000","01","01","Cnpj",35,"06",18245000,0,0,0,3509452,"SP","Itapetininga","Itapetininga","Campina do Monte Alegre","-23.5895","-48.4758"
"401","30415",1,0,0,1,1,355030,2062,"3041500","01","01","Cnpj",35,"06",2012021,0,0,0,3550308,"SP","Metropolitana de São Paulo","São Paulo","São Paulo","-23.5329","-46.6395"
"402","30326",9,0,0,1,0,350850,2054,"3032600","01","01","Cnpj",35,"06",12283510,0,0,0,3508504,"SP","Vale do Paraíba Paulista","São José dos Campos","Caçapava","-23.0992","-45.7076"
"403","30318",9,0,0,1,0,355030,2054,"3031800","01","01","Cnpj",35,"06",5092040,0,0,0,3550308,"SP","Metropolitana de São Paulo","São Paulo","São Paulo","-23.5329","-46.6395"
"404","30318",9,0,0,1,0,351907,2046,"3031800","01","01","Cnpj",35,"06",13187000,0,0,0,3519071,"SP","Campinas","Campinas","Hortolândia","-22.8529","-47.2143"
"405","30121",1,0,0,1,1,355030,2305,"3012100","01","01","Cnpj",35,"06",4761020,0,0,0,3550308,"SP","Metropolitana de São Paulo","São Paulo","São Paulo","-23.5329","-46.6395"
"406","30504",0,0,0,1,0,355030,2240,"3050400","01","01","Cnpj",35,"04",2272110,0,0,0,3550308,"SP","Metropolitana de São Paulo","São Paulo","São Paulo","-23.5329","-46.6395"
"407","30920",1,0,0,1,0,352220,2062,"3092000","01","01","Cnpj",35,"06",6856700,0,0,0,3522208,"SP","Metropolitana de São Paulo","Itapecerica da Serra","Itapecerica da Serra","-23.7161","-46.8572"
"408","30920",9,0,0,1,0,355030,2062,"3092000","01","01","Cnpj",35,"06",4272000,0,0,0,3550308,"SP","Metropolitana de São Paulo","São Paulo","São Paulo","-23.5329","-46.6395"
"409","30326",9,0,0,1,0,350750,2062,"3032600","01","01","Cnpj",35,"06",18603970,0,0,0,3507506,"SP","Bauru","Botucatu","Botucatu","-22.8837","-48.4437"
"410","30113",1,0,0,1,1,355030,2135,"3011301","01","01","Cnpj",35,"06",4560020,0,0,0,3550308,"SP","Metropolitana de São Paulo","São Paulo","São Paulo","-23.5329","-46.6395"
"411","30113",9,0,0,1,0,351870,2062,"3011302","01","01","Cnpj",35,"06",11432140,0,0,0,3518701,"SP","Metropolitana de São Paulo","Santos","Guarujá","-23.9888","-46.258"
"412","30121",0,0,0,1,1,354130,2135,"3012100","01","01","Cnpj",35,"06",19470000,0,0,0,3541307,"SP","Presidente Prudente","Presidente Prudente","Presidente Epitácio","-21.7651","-52.1111"
"413","30920",1,0,0,1,0,350570,2062,"3092000","01","01","Cnpj",35,"06",6417010,0,0,0,3505708,"SP","Metropolitana de São Paulo","Osasco","Barueri","-23.5057","-46.879"
"414","30113",9,0,0,1,0,355030,2054,"3011301","01","01","Cnpj",35,"06",1234030,0,0,0,3550308,"SP","Metropolitana de São Paulo","São Paulo","São Paulo","-23.5329","-46.6395"
"415","30920",1,0,0,1,1,355030,2135,"3092000","01","01","Cnpj",35,"06",3425060,0,0,0,3550308,"SP","Metropolitana de São Paulo","São Paulo","São Paulo","-23.5329","-46.6395"
"416","30113",1,0,0,1,0,350650,2062,"3011302","01","01","Cnpj",35,"06",16200811,0,0,0,3506508,"SP","Araçatuba","Birigui","Birigui","-21.291","-50.3432"
"417","30997",1,0,0,1,1,355030,2135,"3099700","01","01","Cnpj",35,"06",4672030,0,0,0,3550308,"SP","Metropolitana de São Paulo","São Paulo","São Paulo","-23.5329","-46.6395"
"418","30920",0,0,0,1,1,355030,2062,"3092000","01","01","Cnpj",35,"06",2556090,0,0,0,3550308,"SP","Metropolitana de São Paulo","São Paulo","São Paulo","-23.5329","-46.6395"
"419","30920",9,0,0,1,0,351880,2305,"3092000","01","01","Cnpj",35,"06",7220000,0,0,0,3518800,"SP","Metropolitana de São Paulo","Guarulhos","Guarulhos","-23.4538","-46.5333"
"420","30113",0,0,0,1,0,353540,2062,"3011302","01","01","Cnpj",35,"06",17980000,0,0,0,3535408,"SP","Presidente Prudente","Dracena","Panorama","-21.354","-51.8562"
"421","30920",0,0,0,1,1,350330,2305,"3092000","01","01","Cnpj",35,"06",13602128,0,0,0,3503307,"SP","Piracicaba","Limeira","Araras","-22.3572","-47.3842"
"422","30920",0,0,0,1,0,354870,2062,"3092000","01","01","Cnpj",35,"06",9120640,0,0,0,3548708,"SP","Metropolitana de São Paulo","São Paulo","São Bernardo do Campo","-23.6914","-46.5646"
"423","30997",9,0,0,1,0,355030,2062,"3099700","01","01","Cnpj",35,"06",4811190,0,0,0,3550308,"SP","Metropolitana de São Paulo","São Paulo","São Paulo","-23.5329","-46.6395"
"424","30920",9,0,0,1,0,355030,2046,"3092000","01","01","Cnpj",35,"06",4717004,0,0,0,3550308,"SP","Metropolitana de São Paulo","São Paulo","São Paulo","-23.5329","-46.6395"
"425","30920",9,0,0,1,0,350410,2046,"3092000","01","01","Cnpj",35,"06",12952820,0,0,0,3504107,"SP","Macro Metropolitana Paulista","Bragança Paulista","Atibaia","-23.1171","-46.5563"
"426","30997",1,0,0,1,1,354290,2062,"3099700","01","01","Cnpj",35,"06",13580000,0,0,0,3542909,"SP","Araraquara","São Carlos","Ribeirão Bonito","-22.0685","-48.182"
"427","30920",1,0,0,1,1,355495,2305,"3092000","01","01","Cnpj",35,"06",12930000,0,0,0,3554953,"SP","Macro Metropolitana Paulista","Bragança Paulista","Tuiuti","-22.8193","-46.6937"
"428","30911",1,0,0,1,1,355030,2062,"3091102","01","01","Cnpj",35,"06",4149110,0,0,0,3550308,"SP","Metropolitana de São Paulo","São Paulo","São Paulo","-23.5329","-46.6395"
"429","30415",0,0,0,1,1,354990,2062,"3041500","01","01","Cnpj",35,"06",12244000,0,0,0,3549904,"SP","Vale do Paraíba Paulista","São José dos Campos","São José dos Campos","-23.1896","-45.8841"
"430","30113",0,0,0,1,0,355030,2054,"3011301","01","01","Cnpj",35,"06",4547005,0,0,0,3550308,"SP","Metropolitana de São Paulo","São Paulo","São Paulo","-23.5329","-46.6395"
"431","30423",1,0,0,1,1,353800,2062,"3042300","01","01","Cnpj",35,"06",12411010,0,0,0,3538006,"SP","Vale do Paraíba Paulista","São José dos Campos","Pindamonhangaba","-22.9246","-45.4613"
"432","30318",1,0,0,1,1,355030,2305,"3031800","01","01","Cnpj",35,"06",3120001,0,0,0,3550308,"SP","Metropolitana de São Paulo","São Paulo","São Paulo","-23.5329","-46.6395"
"433","30113",9,0,0,1,0,354850,2062,"3011301","01","01","Cnpj",35,"06",11015400,0,0,0,3548500,"SP","Metropolitana de São Paulo","Santos","Santos","-23.9535","-46.335"
"434","30113",9,0,0,1,0,351870,2062,"3011302","01","01","Cnpj",35,"06",11410100,0,0,0,3518701,"SP","Metropolitana de São Paulo","Santos","Guarujá","-23.9888","-46.258"
"435","30920",0,0,0,1,0,350650,2135,"3092000","01","01","Cnpj",35,"06",16200110,0,0,0,3506508,"SP","Araçatuba","Birigui","Birigui","-21.291","-50.3432"
"436","30326",1,0,0,1,0,355030,2062,"3032600","01","01","Cnpj",35,"06",3410000,0,0,0,3550308,"SP","Metropolitana de São Paulo","São Paulo","São Paulo","-23.5329","-46.6395"
"437","30121",0,0,0,1,1,355030,2062,"3012100","01","01","Cnpj",35,"06",4815340,0,0,0,3550308,"SP","Metropolitana de São Paulo","São Paulo","São Paulo","-23.5329","-46.6395"
"438","30920",9,0,0,1,0,352690,2305,"3092000","01","01","Cnpj",35,"06",13484462,0,0,0,3526902,"SP","Piracicaba","Limeira","Limeira","-22.566","-47.397"
"439","30121",1,0,0,1,1,355030,2305,"3012100","01","01","Cnpj",35,"06",5154000,0,0,0,3550308,"SP","Metropolitana de São Paulo","São Paulo","São Paulo","-23.5329","-46.6395"
"440","30911",0,0,0,1,1,355030,2062,"3091102","01","01","Cnpj",35,"06",4177370,0,0,0,3550308,"SP","Metropolitana de São Paulo","São Paulo","São Paulo","-23.5329","-46.6395"
"441","30997",9,0,0,1,0,355030,2062,"3099700","01","01","Cnpj",35,"06",3109000,0,0,0,3550308,"SP","Metropolitana de São Paulo","São Paulo","São Paulo","-23.5329","-46.6395"
"442","30121",1,0,0,1,0,355645,2305,"3012100","01","01","Cnpj",35,"06",6730000,0,0,0,3556453,"SP","Metropolitana de São Paulo","Itapecerica da Serra","Vargem Grande Paulista","-23.5993","-47.022"
"443","30997",1,0,0,1,1,350610,2135,"3099700","01","01","Cnpj",35,"06",14700005,0,0,0,3506102,"SP","Ribeirão Preto","Jaboticabal","Bebedouro","-20.9491","-48.4791"
"444","30113",1,0,0,1,1,355220,2135,"3011301","01","01","Cnpj",35,"06",18015430,0,0,0,3552205,"SP","Macro Metropolitana Paulista","Sorocaba","Sorocaba","-23.4969","-47.4451"
"445","30997",0,0,0,1,0,354990,2135,"3099700","01","01","Cnpj",35,"06",12237640,0,0,0,3549904,"SP","Vale do Paraíba Paulista","São José dos Campos","São José dos Campos","-23.1896","-45.8841"
"446","30113",9,0,0,1,0,354140,2054,"3011302","01","01","Cnpj",35,"06",19023060,0,0,0,3541406,"SP","Presidente Prudente","Presidente Prudente","Presidente Prudente","-22.1207","-51.3925"
"447","30997",1,0,0,1,1,350130,2135,"3099700","01","01","Cnpj",35,"06",19160000,0,0,0,3501301,"SP","Presidente Prudente","Presidente Prudente","Álvares Machado","-22.0764","-51.4722"
"448","30997",0,0,0,1,0,353150,2135,"3099700","01","01","Cnpj",35,"06",14733000,0,0,0,3531506,"SP","Ribeirão Preto","Jaboticabal","Monte Azul Paulista","-20.9065","-48.6387"
"449","30113",9,0,0,1,0,355030,2062,"3011302","01","01","Cnpj",35,"06",4776140,0,0,0,3550308,"SP","Metropolitana de São Paulo","São Paulo","São Paulo","-23.5329","-46.6395"
"450","30920",0,0,0,1,0,352220,2305,"3092000","01","01","Cnpj",35,"06",6855400,0,0,0,3522208,"SP","Metropolitana de São Paulo","Itapecerica da Serra","Itapecerica da Serra","-23.7161","-46.8572"
"451","30911",0,0,0,1,1,350330,2062,"3091102","01","01","Cnpj",35,"06",13607592,0,0,0,3503307,"SP","Piracicaba","Limeira","Araras","-22.3572","-47.3842"
"452","30920",0,0,0,1,0,354990,2135,"3092000","01","01","Cnpj",35,"06",12235680,0,0,0,3549904,"SP","Vale do Paraíba Paulista","São José dos Campos","São José dos Campos","-23.1896","-45.8841"
"453","30920",1,0,0,1,1,354100,2305,"3092000","01","01","Cnpj",35,"06",11718000,0,0,0,3541000,"SP","Metropolitana de São Paulo","Santos","Praia Grande","-24.0084","-46.4121"
"454","30113",0,0,0,1,0,352530,2062,"3011301","01","01","Cnpj",35,"06",17204350,0,0,0,3525300,"SP","Bauru","Jaú","Jaú","-22.2936","-48.5592"
"455","30326",0,0,0,1,1,355030,2062,"3032600","01","01","Cnpj",35,"06",5451020,0,0,0,3550308,"SP","Metropolitana de São Paulo","São Paulo","São Paulo","-23.5329","-46.6395"
"456","30920",1,0,0,1,0,354340,2135,"3092000","01","01","Cnpj",35,"06",14030460,0,0,0,3543402,"SP","Ribeirão Preto","Ribeirão Preto","Ribeirão Preto","-21.1699","-47.8099"
"457","30997",0,0,0,1,0,355030,2062,"3099700","01","01","Cnpj",35,"06",8062270,0,0,0,3550308,"SP","Metropolitana de São Paulo","São Paulo","São Paulo","-23.5329","-46.6395"
"458","30920",0,0,0,1,1,350950,2135,"3092000","01","01","Cnpj",35,"06",13040725,0,0,0,3509502,"SP","Campinas","Campinas","Campinas","-22.9053","-47.0659"
"459","30997",0,0,0,1,0,355030,2062,"3099700","01","01","Cnpj",35,"06",2407140,0,0,0,3550308,"SP","Metropolitana de São Paulo","São Paulo","São Paulo","-23.5329","-46.6395"
"460","30997",0,0,0,1,1,355030,2062,"3099700","01","01","Cnpj",35,"06",3176000,0,0,0,3550308,"SP","Metropolitana de São Paulo","São Paulo","São Paulo","-23.5329","-46.6395"
"461","30920",0,0,0,1,1,355220,2062,"3092000","01","01","Cnpj",35,"06",18087149,0,0,0,3552205,"SP","Macro Metropolitana Paulista","Sorocaba","Sorocaba","-23.4969","-47.4451"
"462","30997",1,0,0,1,1,354890,2062,"3099700","01","01","Cnpj",35,"06",13570390,0,0,0,3548906,"SP","Araraquara","São Carlos","São Carlos","-22.0174","-47.886"
"463","30997",0,0,0,1,1,355030,2062,"3099700","01","01","Cnpj",35,"06",2521090,0,0,0,3550308,"SP","Metropolitana de São Paulo","São Paulo","São Paulo","-23.5329","-46.6395"
"464","30920",0,0,0,1,0,355030,2062,"3092000","01","01","Cnpj",35,"06",5846330,0,0,0,3550308,"SP","Metropolitana de São Paulo","São Paulo","São Paulo","-23.5329","-46.6395"
"465","30113",9,0,0,1,0,351500,2062,"3011302","01","01","Cnpj",35,"06",6818000,0,0,0,3515004,"SP","Metropolitana de São Paulo","Itapecerica da Serra","Embu das Artes","-23.6437","-46.8579"
"466","30997",1,0,0,1,0,352690,2135,"3099700","01","01","Cnpj",35,"06",13480350,0,0,0,3526902,"SP","Piracicaba","Limeira","Limeira","-22.566","-47.397"
"467","30113",1,0,0,1,1,354730,2305,"3011302","01","01","Cnpj",35,"06",6514120,0,0,0,3547304,"SP","Metropolitana de São Paulo","Osasco","Santana de Parnaíba","-23.4439","-46.9178"
"468","30920",9,0,0,1,0,354390,2062,"3092000","01","01","Cnpj",35,"06",13505600,0,0,0,3543907,"SP","Piracicaba","Rio Claro","Rio Claro","-22.3984","-47.5546"
"469","30911",9,0,0,1,0,355030,2070,"3091101","01","01","Cnpj",35,"06",3088000,0,0,0,3550308,"SP","Metropolitana de São Paulo","São Paulo","São Paulo","-23.5329","-46.6395"
"470","30113",9,0,0,1,0,350750,2062,"3011301","01","01","Cnpj",35,"06",18608840,0,0,0,3507506,"SP","Bauru","Botucatu","Botucatu","-22.8837","-48.4437"
"471","30121",1,0,0,1,1,354420,2135,"3012100","01","01","Cnpj",35,"06",15495000,0,0,0,3544202,"SP","São José do Rio Preto","Votuporanga","Riolândia","-19.9868","-49.6836"
"472","30318",0,0,0,1,0,354390,2062,"3031800","01","01","Cnpj",35,"06",13501600,0,0,0,3543907,"SP","Piracicaba","Rio Claro","Rio Claro","-22.3984","-47.5546"
"473","30997",9,0,0,1,0,355240,2062,"3099700","01","01","Cnpj",35,"06",13177350,0,0,0,3552403,"SP","Campinas","Campinas","Sumaré","-22.8204","-47.2728"
"474","30415",1,0,0,1,0,350160,2054,"3041500","01","01","Cnpj",35,"06",13479000,0,0,0,3501608,"SP","Campinas","Campinas","Americana","-22.7374","-47.3331"
"475","30415",9,0,0,1,0,350950,2062,"3041500","01","01","Cnpj",35,"06",13082105,0,0,0,3509502,"SP","Campinas","Campinas","Campinas","-22.9053","-47.0659"
"476","30415",9,0,0,1,0,354990,2054,"3041500","01","01","Cnpj",35,"06",12227901,0,0,0,3549904,"SP","Vale do Paraíba Paulista","São José dos Campos","São José dos Campos","-23.1896","-45.8841"
"477","30911",0,0,0,1,1,355030,2062,"3091102","01","01","Cnpj",35,"06",2472090,0,0,0,3550308,"SP","Metropolitana de São Paulo","São Paulo","São Paulo","-23.5329","-46.6395"
"478","30920",0,0,0,1,0,353070,2062,"3092000","01","01","Cnpj",35,"06",13840000,0,0,0,3530706,"SP","Campinas","Mogi Mirim","Mogi Guaçu","-22.3675","-46.9428"
"479","30113",9,0,0,1,0,355030,2062,"3011301","01","01","Cnpj",35,"06",1406200,0,0,0,3550308,"SP","Metropolitana de São Paulo","São Paulo","São Paulo","-23.5329","-46.6395"
"480","30113",1,0,0,1,0,351880,2240,"3011302","01","01","Cnpj",35,"06",7231000,0,0,0,3518800,"SP","Metropolitana de São Paulo","Guarulhos","Guarulhos","-23.4538","-46.5333"
"481","30920",9,0,0,1,0,350700,2305,"3092000","01","01","Cnpj",35,"06",18550000,0,0,0,3507001,"SP","Itapetininga","Tatuí","Boituva","-23.2855","-47.6786"
"482","30326",9,0,0,1,0,355030,2062,"3032600","01","01","Cnpj",35,"06",4691060,0,0,0,3550308,"SP","Metropolitana de São Paulo","São Paulo","São Paulo","-23.5329","-46.6395"
"483","30121",1,0,0,1,1,351060,2062,"3012100","01","01","Cnpj",35,"06",6310040,0,0,0,3510609,"SP","Metropolitana de São Paulo","Osasco","Carapicuíba","-23.5235","-46.8407"
"484","30423",9,0,0,1,0,354890,2062,"3042300","01","01","Cnpj",35,"06",13571320,0,0,0,3548906,"SP","Araraquara","São Carlos","São Carlos","-22.0174","-47.886"
"485","30920",9,0,0,1,0,355030,2062,"3092000","01","01","Cnpj",35,"06",4762040,0,0,0,3550308,"SP","Metropolitana de São Paulo","São Paulo","São Paulo","-23.5329","-46.6395"
"486","30113",0,0,0,1,1,350950,2135,"3011301","01","01","Cnpj",35,"06",13033290,0,0,0,3509502,"SP","Campinas","Campinas","Campinas","-22.9053","-47.0659"
"487","30920",1,0,0,1,0,355030,2062,"3092000","01","01","Cnpj",35,"06",8160540,0,0,0,3550308,"SP","Metropolitana de São Paulo","São Paulo","São Paulo","-23.5329","-46.6395"
"488","30121",0,0,0,1,1,350950,2135,"3012100","01","01","Cnpj",35,"06",13052700,0,0,0,3509502,"SP","Campinas","Campinas","Campinas","-22.9053","-47.0659"
"489","30911",1,0,0,1,1,355030,2062,"3091101","01","01","Cnpj",35,"06",3182040,0,0,0,3550308,"SP","Metropolitana de São Paulo","São Paulo","São Paulo","-23.5329","-46.6395"
"490","30113",9,0,0,1,0,354850,2062,"3011301","01","01","Cnpj",35,"06",11013000,0,0,0,3548500,"SP","Metropolitana de São Paulo","Santos","Santos","-23.9535","-46.335"
"491","30920",9,0,0,1,0,351880,2305,"3092000","01","01","Cnpj",35,"06",7152420,0,0,0,3518800,"SP","Metropolitana de São Paulo","Guarulhos","Guarulhos","-23.4538","-46.5333"
"492","30997",9,0,0,1,0,355030,2062,"3099700","01","01","Cnpj",35,"06",3143000,0,0,0,3550308,"SP","Metropolitana de São Paulo","São Paulo","São Paulo","-23.5329","-46.6395"
"493","30997",9,0,0,1,0,352390,2062,"3099700","01","01","Cnpj",35,"06",13309905,0,0,0,3523909,"SP","Macro Metropolitana Paulista","Sorocaba","Itu","-23.2544","-47.2927"
"494","30920",0,0,0,1,0,352260,2135,"3092000","01","01","Cnpj",35,"06",13971014,0,0,0,3522604,"SP","Campinas","Mogi Mirim","Itapira","-22.4357","-46.8224"
"495","30920",0,0,0,1,0,352260,2062,"3092000","01","01","Cnpj",35,"06",13972140,0,0,0,3522604,"SP","Campinas","Mogi Mirim","Itapira","-22.4357","-46.8224"
"496","30920",0,0,0,1,1,353440,2062,"3092000","01","01","Cnpj",35,"06",6210108,0,0,0,3534401,"SP","Metropolitana de São Paulo","Osasco","Osasco","-23.5324","-46.7916"
"497","30920",1,0,0,1,1,352690,2135,"3092000","01","01","Cnpj",35,"06",13485131,0,0,0,3526902,"SP","Piracicaba","Limeira","Limeira","-22.566","-47.397"
"498","30121",1,0,0,1,1,351300,2135,"3012100","01","01","Cnpj",35,"06",6713270,0,0,0,3513009,"SP","Metropolitana de São Paulo","Itapecerica da Serra","Cotia","-23.6022","-46.919"
"499","30121",9,0,0,1,0,353670,2305,"3012100","01","01","Cnpj",35,"06",17280000,0,0,0,3536703,"SP","Bauru","Jaú","Pederneiras","-22.3511","-48.7781"
"500","30423",1,0,0,1,1,355410,2062,"3042300","01","01","Cnpj",35,"06",12051150,0,0,0,3554102,"SP","Vale do Paraíba Paulista","São José dos Campos","Taubaté","-23.0104","-45.5593"
"501","30121",0,0,0,1,1,355030,2305,"3012100","01","01","Cnpj",35,"06",4734002,0,0,0,3550308,"SP","Metropolitana de São Paulo","São Paulo","São Paulo","-23.5329","-46.6395"
"502","30997",9,0,0,1,0,355170,2062,"3099700","01","01","Cnpj",35,"06",14160160,0,0,0,3551702,"SP","Ribeirão Preto","Ribeirão Preto","Sertãozinho","-21.1316","-47.9875"
"503","30920",1,0,0,1,1,355030,2062,"3092000","01","01","Cnpj",35,"06",1545001,0,0,0,3550308,"SP","Metropolitana de São Paulo","São Paulo","São Paulo","-23.5329","-46.6395"
"504","30920",0,0,0,1,0,355030,2135,"3092000","01","01","Cnpj",35,"06",5576100,0,0,0,3550308,"SP","Metropolitana de São Paulo","São Paulo","São Paulo","-23.5329","-46.6395"
"505","30121",9,0,0,1,0,351620,2062,"3012100","01","01","Cnpj",35,"06",14405125,0,0,0,3516200,"SP","Ribeirão Preto","Franca","Franca","-20.5352","-47.4039"
"506","30121",0,0,0,1,1,354100,2062,"3012100","01","01","Cnpj",35,"06",11704730,0,0,0,3541000,"SP","Metropolitana de São Paulo","Santos","Praia Grande","-24.0084","-46.4121"
"507","30318",9,0,0,1,0,351880,2305,"3031800","01","01","Cnpj",35,"06",7012020,0,0,0,3518800,"SP","Metropolitana de São Paulo","Guarulhos","Guarulhos","-23.4538","-46.5333"
"508","30121",1,0,0,1,1,353240,2135,"3012100","01","01","Cnpj",35,"06",12960000,0,0,0,3532405,"SP","Macro Metropolitana Paulista","Bragança Paulista","Nazaré Paulista","-23.1747","-46.3983"
"509","30911",9,0,0,1,0,351970,2062,"3091102","01","01","Cnpj",35,"06",18150000,0,0,0,3519709,"SP","Macro Metropolitana Paulista","Piedade","Ibiúna","-23.6596","-47.223"
"510","30997",1,0,0,1,0,354730,2062,"3099700","01","01","Cnpj",35,"06",6529350,0,0,0,3547304,"SP","Metropolitana de São Paulo","Osasco","Santana de Parnaíba","-23.4439","-46.9178"
"511","30113",0,0,0,1,0,354160,4120,"3011301","01","01","Cnpj",35,"06",16370000,0,0,0,3541604,"SP","Bauru","Lins","Promissão","-21.5356","-49.8599"
"512","30911",1,0,0,1,1,353130,2305,"3091102","01","01","Cnpj",35,"06",15910000,0,0,0,3531308,"SP","Ribeirão Preto","Jaboticabal","Monte Alto","-21.2655","-48.4971"
"513","30113",1,0,0,1,1,351350,2062,"3011301","01","01","Cnpj",35,"06",11525110,0,0,0,3513504,"SP","Metropolitana de São Paulo","Santos","Cubatão","-23.8911","-46.424"
"514","30326",9,0,0,1,1,355030,2062,"3032600","01","01","Cnpj",35,"06",4181010,0,0,0,3550308,"SP","Metropolitana de São Paulo","São Paulo","São Paulo","-23.5329","-46.6395"
"515","30121",9,0,0,1,0,354990,2062,"3012100","01","01","Cnpj",35,"06",12238330,0,0,0,3549904,"SP","Vale do Paraíba Paulista","São José dos Campos","São José dos Campos","-23.1896","-45.8841"
"516","30911",0,0,0,1,0,353390,2062,"3091101","01","01","Cnpj",35,"06",15400000,0,0,0,3533908,"SP","São José do Rio Preto","São José do Rio Preto","Olímpia","-20.7366","-48.9106"
"517","30920",1,0,0,1,1,350950,2062,"3092000","01","01","Cnpj",35,"06",13031735,0,0,0,3509502,"SP","Campinas","Campinas","Campinas","-22.9053","-47.0659"
"518","30415",9,0,0,1,0,351620,2062,"3041500","01","01","Cnpj",35,"06",14403450,0,0,0,3516200,"SP","Ribeirão Preto","Franca","Franca","-20.5352","-47.4039"
"519","30920",1,0,0,1,0,355030,2062,"3092000","01","01","Cnpj",35,"06",5876070,0,0,0,3550308,"SP","Metropolitana de São Paulo","São Paulo","São Paulo","-23.5329","-46.6395"
"520","30997",1,0,0,1,1,354390,2062,"3099700","01","01","Cnpj",35,"06",13502550,0,0,0,3543907,"SP","Piracicaba","Rio Claro","Rio Claro","-22.3984","-47.5546"
"521","30121",9,0,0,1,0,355240,2135,"3012100","01","01","Cnpj",35,"06",13180540,0,0,0,3552403,"SP","Campinas","Campinas","Sumaré","-22.8204","-47.2728"
"522","30326",9,0,0,1,0,355220,2062,"3032600","01","01","Cnpj",35,"06",18071801,0,0,0,3552205,"SP","Macro Metropolitana Paulista","Sorocaba","Sorocaba","-23.4969","-47.4451"
"523","30997",0,0,0,1,0,355030,2135,"3099700","01","01","Cnpj",35,"06",7242260,0,0,0,3550308,"SP","Metropolitana de São Paulo","São Paulo","São Paulo","-23.5329","-46.6395"
"524","30997",9,0,0,1,0,355280,2305,"3099700","01","01","Cnpj",35,"06",6795030,0,0,0,3552809,"SP","Metropolitana de São Paulo","Itapecerica da Serra","Taboão da Serra","-23.6019","-46.7526"
"525","30997",9,0,0,1,0,355280,2305,"3099700","01","01","Cnpj",35,"06",6795030,0,0,0,3552809,"SP","Metropolitana de São Paulo","Itapecerica da Serra","Taboão da Serra","-23.6019","-46.7526"
"526","30415",1,0,0,1,0,354890,2062,"3041500","01","01","Cnpj",35,"06",13566340,0,0,0,3548906,"SP","Araraquara","São Carlos","São Carlos","-22.0174","-47.886"
"527","30121",9,0,0,1,0,353620,2135,"3012100","01","01","Cnpj",35,"06",11930000,0,0,0,3536208,"SP","Litoral Sul Paulista","Registro","Pariquera-Açu","-24.7147","-47.8742"
